Date,SEP Start Hour,Maximum Proton Energy,Proton Intensity,Type III Time,Flare Start Hour,H-alpha Location,CME First Appearance Hour,CME First Look Time,CME Width,CME Speed,Group,Flare Xray Start Time Deprecated,Flare Xray Peak Time Deprecated,Flare Class Deprecated,Flare Magnitude Deprecated,Flare Time to Peak Deprecated,Flare Xray Start Time,Flare Xray Peak Time,Flare Xray End Time,Flare Class,Flare Magnitude,Flare Integrated Flux,Flare Duration,Flare Time To Peak,Flare Catalog ID,GOES Xray Satellite,Radio Type III Start Time,Radio Type III End Time,Radio TyII Imp,CDAW CME First Look Time,CDAW CME Speed,CDAW CME Width,CDAW CME Mean Position Angle,Event Source Latitude,Event Source Longitude,Shock Passage Speed,SEP Reference Start,Comments
1997-04-01,16,50,0.001,1345-1355,1325,25S;016E,1518,1997-04-01 15:18:00,40,312,,1997-04-01 13:25:00,1997-04-01 13:48:00,M2,2.00E-05,23,1997-04-01 13:36:00,1997-04-01 13:48:00,1997-04-01 13:52:00,M2.6,2.60E-05,0.008567374,16,12,199704011336,8,1997-04-01 13:45:00,1997-04-01 13:55:00,3,1997-04-01 15:18:38,312,79,74,-25,-16,,1997-04-01 16:00:00,
1997-04-07,15,70,0.005,1355-1440,1350,28S;019E,1427,1997-04-07 14:27:00,80,878,,1997-04-07 13:50:00,1997-04-07 14:07:00,C7,7.00E-06,17,1997-04-07 13:46:00,1997-04-07 14:07:00,1997-04-07 14:19:00,C9.0,9.01E-06,0.009981523,33,21,199704071346,8,1997-04-07 13:55:00,1997-04-07 14:40:00,3,1997-04-07 14:27:44,878,360,Halo,-28,-19,550,1997-04-07 15:00:00,
1997-05-12,6,80,0.009,0455-0510,442,21N;007W,630,1997-05-12 06:30:00,360,464,,1997-05-12 04:42:00,1997-05-12 04:55:00,C1,1.00E-06,13,1997-05-12 04:42:00,1997-05-12 04:55:00,,C1.4,1.43E-06,,,,,,1997-05-12 04:55:00,1997-05-12 05:10:00,3,1997-05-12 05:30:05,464,360,Halo,21,7,600,1997-05-12 06:00:00,
1997-05-21,21,70,0.001,2010-2015,2003,05N;012W,2100,1997-05-21 21:00:00,30,296,,1997-05-21 20:03:00,1997-05-21 20:15:00,M1,1.00E-05,12,1997-05-21 20:03:00,1997-05-21 20:15:00,,M1.4,1.43E-05,,,,,,1997-05-21 20:10:00,1997-05-21 20:15:00,3,1997-05-21 21:00:53,296,165,263,5,12,380,1997-05-21 21:00:00,
1997-07-25,21,40,0.003,2015-2025,2017,16N;054W,2101,1997-07-25 21:01:00,50,611,,1997-07-25 20:17:00,1997-07-25 20:34:00,C5,5.00E-06,17,1997-07-25 20:17:00,1997-07-25 20:34:00,,C7.1,7.14E-06,,,,,,1997-07-25 20:15:00,1997-07-25 20:25:00,3,1997-07-25 21:01:15,611,84,267,16,54,,1997-07-25 21:00:00,
1997-09-24,4,120,0.003,0250-0300,243,31S;019E,300,1997-09-24 03:00:00,70,532,,1997-09-24 02:43:00,1997-09-24 02:52:00,M6,6.00E-05,9,1997-09-24 02:39:00,1997-09-24 02:48:00,1997-09-24 02:52:00,M8.1,8.14E-05,0.0218472,13,9,199709240239,8,1997-09-24 02:50:00,1997-09-24 03:00:00,3,1997-09-24 03:38:05,532,76,137,-31,-19,,1997-09-24 04:00:00,
1997-10-07,14,50,0.003,~1320,,S;120W,1330,1997-10-07 13:30:00,90,1271,,,,,,,,,,,,,,,,,1997-10-07 13:20:00,,2,1997-10-07 13:30:05,1271,167,246,,120,430,1997-10-07 14:00:00, Southern event
1997-10-21,20,45,0.0004,1740-1750,1700,16N;007E,1803,1997-10-21 18:03:00,360,523,,1997-10-21 17:00:00,1997-10-21 17:54:00,C3,3.00E-06,54,1997-10-21 17:12:00,1997-10-21 17:54:00,1997-10-21 18:15:00,C4.4,4.43E-06,0.008955685,63,42,199710211712,8,1997-10-21 17:40:00,1997-10-21 17:50:00,0,1997-10-21 18:03:45,523,360,Halo,16,-7,,1997-10-21 20:00:00,Passing shock with no particle increase.  No clear evidence of Type II burst in dynamic spectra
1997-11-03,11,40,0.002,1025-1030,1018,17S;022W,1111,1997-11-03 11:11:00,100,352,,1997-11-03 10:18:00,1997-11-03 10:29:00,M4,4.00E-05,11,1997-11-03 10:04:00,1997-11-03 10:29:00,1997-11-03 10:34:00,M5.6,5.67E-05,0.025677172,30,25,199711031004,8,1997-11-03 10:25:00,1997-11-03 10:30:00,3,1997-11-03 11:11:05,352,122,233,-17,22,,1997-11-03 11:00:00,
1997-11-04,7,500,0.9,0555-0615,552,14S;033W,610,1997-11-04 06:10:00,110,785,2,1997-11-04 05:52:00,1997-11-04 05:58:00,X2,0.0002,6,1997-11-04 05:51:00,1997-11-04 05:58:00,1997-11-04 06:02:00,X2.9,0.000291429,0.083774574,11,7,199711040551,8,1997-11-04 05:55:00,1997-11-04 06:15:00,3,1997-11-04 06:10:05,785,360,Halo,-14,33,640,1997-11-04 07:00:00,
1997-11-06,12,900,4.3,1150-1215,1149,18S;063W,1210,1997-11-06 12:10:00,115,1556,2,1997-11-06 11:49:00,1997-11-06 11:55:00,X9,0.0009,6,1997-11-06 11:52:00,1997-11-06 11:55:00,1997-11-06 12:01:00,X12.9,0.001297143,0.522677124,9,3,199711061152,8,1997-11-06 11:50:00,1997-11-06 12:15:00,0,1997-11-06 12:10:41,1556,360,Halo,-18,63,500,1997-11-06 12:00:00,No clear evidence of Type II burst in dynamic spectra
1997-11-13,23,70,0.016,2115-2120,,N;110W,2225,1997-11-13 22:25:00,180,546,1,,,,,,,,,,,,,,,,1997-11-13 21:15:00,1997-11-13 21:20:00,0,1997-11-13 22:25:50,546,288,328,,110,,1997-11-13 23:00:00,Nothern Event; No clear evidence of Type II burst in dynamic spectra
1997-11-14,15,60,0.008,~1300,,N;120W,1336,1997-11-14 13:36:00,140,702,,,,,,,,,,,,,,,,,1997-11-14 13:00:00,,0,1997-11-14 13:36:50,702,217,320,,120,,1997-11-14 15:00:00, Nothern Event; No clear evidence of Type II burst in dynamic spectra
1997-12-06,17,30,0.0007,~1240,1059,47N;013W,1027,1997-12-06 10:27:00,130,397,,1997-12-06 10:59:00,1997-12-06 15:29:00,B7,7.00E-07,270,1997-12-06 10:59:00,1997-12-06 15:29:00,,C1.0,1.00E-06,,,,,,1997-12-06 12:40:00,,0,1997-12-06 10:27:05,397,223,317,47,13,460,1997-12-06 17:00:00, No clear evidence of Type II burst in dynamic spectra
1998-01-26,23,50,0.002,2235-2240,2219,17S;055W,2327,1998-01-26 23:27:00,40,399,1,1998-01-26 22:19:00,1998-01-26 22:35:00,C5,5.00E-06,16,1998-01-26 22:15:00,1998-01-26 22:36:00,1998-01-26 22:47:00,C7.1,7.17E-06,0.007548343,32,21,199801262215,8,1998-01-26 22:35:00,1998-01-26 22:40:00,3,1998-01-26 23:27:31,399,66,257,-17,55,,1998-01-26 23:00:00,Passing shock not related to the source solar activity caused a related increase of particle intensity
1998-04-20,12,380,7.7,~1000,938,S;090W,1007,1998-04-20 10:07:00,150,1863,3,1998-04-20 09:38:00,1998-04-20 10:21:00,M1,1.00E-05,43,1998-04-20 09:38:00,1998-04-20 10:21:00,,M1.4,1.43E-05,,,,,,1998-04-20 10:00:00,,2,1998-04-20 10:07:11,1863,243,284,,90,520,1998-04-20 12:00:00,Southern event
1998-04-29,24,70,0.009,1615-1650,1606,18S;020E,1658,1998-04-29 16:58:00,90,1374,5,1998-04-29 16:06:00,1998-04-29 16:37:00,M7,7.00E-05,31,1998-04-29 16:01:00,1998-04-29 16:37:00,1998-04-29 16:59:00,M9.2,9.27E-05,0.143258572,58,36,199804291601,8,1998-04-29 16:15:00,1998-04-29 16:50:00,,1998-04-29 16:58:54,1374,360,Halo,-18,-20,780,1998-04-30 00:00:00,Event has a slow rise; No Type II data available
1998-05-02,14,900,1.1,1335-1400,1331,15S;015W,1406,1998-05-02 14:06:00,130,938,2,1998-05-02 13:31:00,1998-05-02 13:42:00,X1,0.0001,11,1998-05-02 13:27:00,1998-05-02 13:42:00,1998-05-02 13:50:00,X1.6,0.000161429,0.090946719,23,15,199805021327,8,1998-05-02 13:35:00,1998-05-02 14:00:00,0,1998-05-02 14:06:12,938,360,Halo,-15,15,1120,1998-05-02 14:00:00,No clear evidence of Type II burst in dynamic spectra
1998-05-06,8,500,1.4,0800-0830,758,11S;065W,829,1998-05-06 08:29:00,90,1099,2,1998-05-06 07:58:00,1998-05-06 08:09:00,X3,0.0003,11,1998-05-06 07:57:00,1998-05-06 08:09:00,1998-05-06 08:20:00,X3.8,0.000381429,0.306411415,23,12,199805060757,8,1998-05-06 08:00:00,1998-05-06 08:30:00,3,1998-05-06 08:29:13,1099,190,309,-11,65,,1998-05-06 08:00:00,Passing shock not related to the source solar activity caused a related increase of particle intensity
1998-05-09,5,120,0.08,0325-0350,304,S;100W,335,1998-05-09 03:35:00,100,2331,2,1998-05-09 03:04:00,1998-05-09 03:41:00,M8,8.00E-05,37,1998-05-09 03:16:00,1998-05-09 03:40:00,1998-05-09 03:54:00,X1.0,0.000105429,0.14707458,38,24,199805090316,8,1998-05-09 03:25:00,1998-05-09 03:50:00,3,1998-05-09 03:35:58,2331,178,262,,100,,1998-05-09 05:00:00,Southern event
1998-05-14,6,30,0.0004,0320-0325,,S;W120,355,1998-05-14 03:55:00,40,351,1,,,,,,,,,,,,,,,,1998-05-14 03:20:00,1998-05-14 03:25:00,,1998-05-14 03:55:23,351,246,267,,,,1998-05-14 06:00:00,Passing shock with no particle increase; Southern event; No Type II data available
1998-05-27,15,50,0.001,1315-1330,1313,21S;083W,1345,1998-05-27 13:45:00,90,878,1,1998-05-27 13:13:00,1998-05-27 14:20:00,C8,8.00E-06,67,1998-05-27 13:13:00,1998-05-27 14:20:00,,M1.1,1.14E-05,,,,,,1998-05-27 13:15:00,1998-05-27 13:30:00,0,1998-05-27 13:45:42,878,268,175,-21,83,,1998-05-27 15:00:00,Passing shock not related to the source solar activity caused a related increase of particle intensity; No clear evidence of Type II burst in dynamic spectra
1998-05-30,25,70,0.001,2250-2255,,S;120W,2328,1998-05-30 23:28:00,30,594,1,,,,,,,,,,,,,,,,1998-05-30 22:50:00,1998-05-30 22:55:00,2,1998-05-30 23:28:13,594,63,251,,120,,1998-05-31 01:00:00,Southern event
1998-06-04,14,40,0.0004,~0200,,S;120W,204,1998-06-04 02:04:00,110,1802,,,,,,,,,,,,,,,,,1998-06-04 02:00:00,,,1998-06-04 02:04:45,1802,360,Halo,,120,,1998-06-04 14:00:00,Southern event; No Type II data available
1998-06-16,21,70,0.01,~1810,1803,S;115W,1827,1998-06-16 18:27:00,100,1484,,1998-06-16 18:03:00,1998-06-16 18:42:00,M1,1.00E-05,39,1998-06-16 17:58:00,1998-06-16 18:40:00,1998-06-16 19:28:00,M1.4,1.42E-05,0.049064487,90,42,199806161758,8,1998-06-16 18:10:00,,1,1998-06-16 18:27:05,1484,281,341,,115,,1998-06-16 21:00:00,Passing shock not related to the source solar activity caused a related increase of particle intensity; Southern event
1998-08-18,24,70,0.002,2215-2220,2210,33N;087E,,,,,,1998-08-18 22:10:00,1998-08-18 22:19:00,X5,0.0005,9,1998-08-18 22:05:00,1998-08-18 22:19:00,1998-08-18 22:28:00,X7.0,0.000702857,0.449998051,23,14,199808182205,8,1998-08-18 22:15:00,1998-08-18 22:20:00,3,,,,,33,-87,,1998-08-19 00:00:00,CDAW CME First Look Time data gap. CDAW CME Width data gap. CDAW CME Speed data gap. Passing shock not related to the source solar activity caused a related increase of particle intensity
1998-08-19,23,120,0.008,2145-2155,2135,32N;075E,,,,,,1998-08-19 21:35:00,1998-08-19 21:45:00,X4,0.0004,10,1998-08-19 21:32:00,1998-08-19 21:45:00,1998-08-19 21:50:00,X5.5,0.000557143,0.222005144,18,13,199808192132,8,1998-08-19 21:45:00,1998-08-19 21:55:00,3,,,,,32,-75,,1998-08-19 23:00:00,CDAW CME First Look Time data gap. CDAW CME Width data gap. CDAW CME Speed data gap. Passing shock not related to the source solar activity caused a related increase of particle intensity
1998-08-24,23,900,1.6,2205-2230,2150,35N;009E,,,,,2,1998-08-24 21:50:00,1998-08-24 22:12:00,X1,0.0001,22,1998-08-24 21:44:00,1998-08-24 22:12:00,1998-08-24 22:35:00,X1.5,0.000157143,0.234566227,51,28,199808242144,8,1998-08-24 22:05:00,1998-08-24 22:30:00,3,,,,,35,-9,1260,1998-08-24 23:00:00,CDAW CME First Look Time data gap. CDAW CME Width data gap. CDAW CME Speed data gap
1998-09-06,7,75,0.008,~0500,454,21S;036W,,,,,1,1998-09-06 04:54:00,1998-09-06 04:58:00,C1,1.00E-06,4,1998-09-06 04:54:00,1998-09-06 04:58:00,,C1.4,1.43E-06,,,,,,1998-09-06 05:00:00,,0,,,,,-21,36,,1998-09-06 07:00:00,CDAW CME First Look Time data gap. CDAW CME Width data gap. CDAW CME Speed data gap; No clear evidence of Type II burst in dynamic spectra
1998-09-09,6,50,0.003,0455-0500,452,21S;075W,,,,,1,1998-09-09 04:52:00,1998-09-09 04:58:00,M2,2.00E-05,6,1998-09-09 04:52:00,1998-09-09 04:58:00,,M2.8,2.86E-05,,,,,,1998-09-09 04:55:00,1998-09-09 05:00:00,2,,,,,-21,75,,1998-09-09 06:00:00,CDAW CME First Look Time data gap. CDAW CME Width data gap. CDAW CME Speed data gap
1998-09-20,27,70,0.0003,0235-0250,233,22N;062E,,,,,,1998-09-20 02:33:00,1998-09-20 02:51:00,M2,2.00E-05,18,1998-09-20 02:29:00,1998-09-20 02:51:00,1998-09-20 03:28:00,M2.7,2.71E-05,0.064132974,59,22,199809200229,8,1998-09-20 02:35:00,1998-09-20 02:50:00,3,,,,,22,-62,,1998-09-21 03:00:00,Event has a slow rise. CDAW CME First Look Time data gap. CDAW CME Width data gap. CDAW CME Speed data gap
1998-09-23,10,120,0.009,0700-0715,640,19N;009E,,,,,5,1998-09-23 06:40:00,1998-09-23 07:13:00,M7,7.00E-05,33,1998-09-23 06:35:00,1998-09-23 07:13:00,1998-09-23 07:32:00,X0.9,9.96E-05,0.174995154,57,38,199809230635,8,1998-09-23 07:00:00,1998-09-23 07:15:00,3,,,,,19,-9,1020,1998-09-23 10:00:00,Event has a slow rise. CDAW CME First Look Time data gap. CDAW CME Width data gap. CDAW CME Speed data gap
1998-09-27,9,50,0.001,0805-0810,806,21N;048W,,,,,1,1998-09-27 08:06:00,1998-09-27 08:13:00,C3,3.00E-06,7,1998-09-27 08:05:00,1998-09-27 08:13:00,1998-09-27 08:23:00,C3.7,3.77E-06,0.002828743,18,8,199809270805,8,1998-09-27 08:05:00,1998-09-27 08:10:00,0,,,,,21,48,,1998-09-27 09:00:00,CDAW CME First Look Time data gap. CDAW CME Width data gap. CDAW CME Speed data gap; No clear evidence of Type II burst in dynamic spectra
1998-09-30,14,300,6.7,1320-1350,1304,19N;085W,,,,,2,1998-09-30 13:04:00,1998-09-30 13:48:00,M3,3.00E-05,44,1998-09-30 12:59:00,1998-09-30 13:48:00,,M4.0,4.10E-05,,,49,199809301259,8,1998-09-30 13:20:00,1998-09-30 13:50:00,,,,,,19,85,1010,1998-09-30 14:00:00,CDAW CME First Look Time data gap. CDAW CME Width data gap. CDAW CME Speed data gap; No Type II data available
1998-10-18,22,120,0.022,2105-2110,,N;120W,,,,,1,,,,,,,,,,,,,,,,1998-10-18 21:05:00,1998-10-18 21:10:00,,,,,,,120,,1998-10-18 22:00:00,CDAW CME First Look Time data gap. CDAW CME Width data gap. CDAW CME Speed data gap; Nothern Event; No Type II data available
1998-11-05,22,60,0.0006,,1900,26N;018W,2044,1998-11-05 20:44:00,60,1118,5,1998-11-05 19:00:00,1998-11-05 19:55:00,M9,9.00E-05,55,1998-11-05 19:32:00,1998-11-05 19:55:00,1998-11-05 20:12:00,X1.2,0.000120714,0.157788858,40,23,199811051932,8,,,,1998-11-05 20:44:02,1118,360,Halo,26,18,730,1998-11-05 22:00:00,Event has a slow rise; No Type II data available
1998-11-14,6,400,2.28,0500-0535,,N;120W,,,,,2,,,,,,,,,,,,,,,,1998-11-14 05:00:00,1998-11-14 05:35:00,3,,,,,,120,,1998-11-14 06:00:00,CDAW CME First Look Time data gap. CDAW CME Width data gap. CDAW CME Speed data gap; Nothern Event
1998-11-22,8,200,0.04,0640-0645,630,27S;082W,,,,,,1998-11-22 06:30:00,1998-11-22 06:42:00,X4,0.0004,12,1998-11-22 06:25:00,1998-11-22 06:42:00,1998-11-22 06:49:00,X5.3,0.000537143,0.303215414,24,17,199811220625,8,1998-11-22 06:40:00,1998-11-22 06:45:00,3,,,,,-27,82,,1998-11-22 08:00:00,CDAW CME First Look Time data gap. CDAW CME Width data gap. CDAW CME Speed data gap
1998-11-24,3,120,0.011,0215-0220,207,S;108W,230,1998-11-24 02:30:00,110,1798,1,1998-11-24 02:07:00,1998-11-24 02:20:00,X1,0.0001,13,1998-11-24 02:03:00,1998-11-24 02:20:00,1998-11-24 02:37:00,X1.5,0.000154286,0.174173996,34,17,199811240203,8,1998-11-24 02:15:00,1998-11-24 02:20:00,3,1998-11-24 02:30:05,1798,360,Halo,,108,,1998-11-24 03:00:00,Southern event
1998-12-17,11,25,0.0003,0745-0750,740,27S;046W,830,1998-12-17 08:30:00,,302,1,1998-12-17 07:40:00,1998-12-17 07:45:00,M3,3.00E-05,5,1998-12-17 07:36:00,1998-12-17 07:45:00,1998-12-17 07:49:00,M4.5,4.59E-05,0.014011886,13,9,199812170736,8,1998-12-17 07:45:00,1998-12-17 07:50:00,3,1998-12-17 08:30:05,302,360,Halo,-27,46,,1998-12-17 11:00:00,CDAW CME Width data gap
1999-01-03,16,30,0.0005,1450-1520,1449,23S;049W,,,,,3,1999-01-03 14:49:00,1999-01-03 15:14:00,C6,6.00E-06,25,1999-01-03 14:42:00,1999-01-03 15:09:00,1999-01-03 15:57:00,C8.9,8.91E-06,0.030833144,75,27,199901031442,8,1999-01-03 14:50:00,1999-01-03 15:20:00,,,,,,-23,49,,1999-01-03 16:00:00,CDAW CME First Look Time data gap. CDAW CME Width data gap. CDAW CME Speed data gap; No Type II data available
1999-01-06,25,30,0.0006,2400-2410,2354,S;095W,,,,,,1999-01-06 23:54:00,1999-01-07 00:06:00,C8,8.00E-06,12,1999-01-06 23:49:00,1999-01-07 00:06:00,1999-01-07 00:44:00,M1.1,1.15E-05,0.021427458,55,17,199901062349,8,,,3,,,,,,95,,1999-01-07 01:00:00,CDAW CME First Look Time data gap. CDAW CME Width data gap. CDAW CME Speed data gap; Southern event
1999-01-20,21,120,0.02,1905-1955,1906,S;095E,,,,,5,1999-01-20 19:06:00,1999-01-20 20:04:00,M5,5.00E-05,58,1999-01-20 18:52:00,1999-01-20 20:04:00,1999-01-20 21:02:00,M7.5,7.54E-05,0.367142588,130,72,199901201852,8,1999-01-20 19:05:00,1999-01-20 19:55:00,,,,,,,-95,,1999-01-20 21:00:00,CDAW CME First Look Time data gap. CDAW CME Width data gap. CDAW CME Speed data gap. Passing shock not related to the source solar activity caused a related increase of particle intensity; Southern event; No Type II data available
1999-02-16,6,70,0.001,0300-0320,249,23S;014W,,,,,,1999-02-16 02:49:00,1999-02-16 03:12:00,M2,2.00E-05,23,1999-02-16 02:49:00,1999-02-16 03:12:00,,M2.8,2.86E-05,,,,,,1999-02-16 03:00:00,1999-02-16 03:20:00,2,,,,,-23,14,870,1999-02-16 06:00:00,CDAW CME First Look Time data gap. CDAW CME Width data gap. CDAW CME Speed data gap
1999-04-24,15,70,0.1,1300-1340,,S;120W,1331,1999-04-24 13:31:00,120,1495,3,,,,,,,,,,,,,,,,1999-04-24 13:00:00,1999-04-24 13:40:00,,1999-04-24 13:31:15,1495,360,Halo,,120,,1999-04-24 15:00:00,Southern event; No Type II data available
1999-05-03,20,50,0.0001,0540-0615,536,15N;032E,606,1999-05-03 06:06:00,110,1584,5,1999-05-03 05:36:00,1999-05-03 06:02:00,M4,4.00E-05,26,1999-05-03 05:30:00,1999-05-03 06:02:00,1999-05-03 06:32:00,M6.4,6.41E-05,0.143261492,62,32,199905030530,8,1999-05-03 05:40:00,1999-05-03 06:15:00,2,1999-05-03 06:06:05,1584,360,Halo,15,-32,720,1999-05-03 20:00:00,Event has a slow rise
1999-05-09,19,90,0.02,1800-1805,1753,N;095W,1827,1999-05-09 18:27:00,40,615,,1999-05-09 17:53:00,1999-05-09 18:07:00,M8,8.00E-05,14,1999-05-09 17:48:00,1999-05-09 18:07:00,1999-05-09 18:15:00,X1.0,0.000109857,0.091450289,27,19,199905091748,8,1999-05-09 18:00:00,1999-05-09 18:05:00,,1999-05-09 18:27:49,615,172,296,,95,,1999-05-09 19:00:00,Nothern Event; No Type II data available
1999-05-27,11,150,0.06,1045-1110,,S;120W,1106,1999-05-27 11:06:00,120,1691,3,,,,,,,,,,,,,,,,1999-05-27 10:45:00,1999-05-27 11:10:00,,1999-05-27 11:06:05,1691,360,Halo,,120,,1999-05-27 11:00:00,Southern event; No Type II data available
1999-06-01,20,200,0.29,1845-1910,,N;120W,1937,1999-06-01 19:37:00,180,1772,2,,,,,,,,,,,,,,,,1999-06-01 18:45:00,1999-06-01 19:10:00,,1999-06-01 19:37:35,1772,360,Halo,,120,,1999-06-01 20:00:00,Nothern Event; No Type II data available
1999-06-04,8,120,0.29,0655-0730,652,17N;069W,726,1999-06-04 07:26:00,80,2221,2,1999-06-04 06:52:00,1999-06-04 07:03:00,M4,4.00E-05,11,1999-06-04 06:49:00,1999-06-04 07:03:00,1999-06-04 07:11:00,M5.6,5.63E-05,0.035466857,22,14,199906040649,8,1999-06-04 06:55:00,1999-06-04 07:30:00,2,1999-06-04 07:26:54,2230,150,289,17,69,,1999-06-04 08:00:00,
1999-06-11,1,150,0.042,~0040,,N;120W,126,1999-06-11 01:26:00,50,719,,,,,,,,,,,,,,,,,1999-06-11 00:40:00,,3,1999-06-11 01:26:49,719,101,288,,120,,1999-06-11 01:00:00,Nothern Event
1999-06-18,18,30,0.001,1635-1640,1638,N;120W,,,,,1,1999-06-18 16:38:00,1999-06-18 16:57:00,C6,6.00E-06,19,1999-06-18 16:33:00,1999-06-18 16:57:00,,C8.3,8.37E-06,,,24,199906181633,8,1999-06-18 16:35:00,1999-06-18 16:40:00,,,,,,,120,,1999-06-18 18:00:00,CDAW CME First Look Time data gap. CDAW CME Width data gap. CDAW CME Speed data gap; Nothern Event; No Type II data available
1999-06-27,11,60,0.002,0835-0840,834,22N;026W,906,1999-06-27 09:06:00,40,903,1,1999-06-27 08:34:00,1999-06-27 08:44:00,X1,0.0001,10,1999-06-27 08:34:00,1999-06-27 08:44:00,,X1.4,0.00014286,,,,,,1999-06-27 08:35:00,1999-06-27 08:40:00,2,1999-06-27 09:06:06,903,86,349,22,26,,1999-06-27 11:00:00,Passing shock not related to the source solar activity caused a related increase of particle intensity
1999-06-29,12,80,0.0006,0455-0515,501,18N;007E,554,1999-06-29 05:54:00,360,589,,1999-06-29 05:01:00,1999-06-29 05:10:00,M1,1.00E-05,9,1999-06-29 05:01:00,1999-06-29 05:10:00,,M1.4,1.43E-05,,,,,,1999-06-29 04:55:00,1999-06-29 05:15:00,2,1999-06-29 05:54:06,589,164,58,18,-7,,1999-06-29 12:00:00,Event has a slow rise. Passing shock with no particle increase
1999-07-25,20,70,0.0008,~1325,1308,N;095W,1331,1999-07-25 13:31:00,90,1389,,1999-07-25 13:08:00,1999-07-25 13:38:00,M2,2.00E-05,30,1999-07-25 13:08:00,1999-07-25 13:38:00,,M2.8,2.86E-05,,,,,,1999-07-25 13:25:00,,1,1999-07-25 13:31:21,1389,360,Halo,,95,,1999-07-25 20:00:00,Passing shock not related to the source solar activity caused a related increase of particle intensity; Nothern Event
1999-07-31,12,30,0.0006,~1150,1100,25N;031E,1126,1999-07-31 11:26:00,150,1079,,1999-07-31 11:00:00,,C4,4.00E-06,?,1999-07-31 10:21:00,1999-07-31 10:29:00,1999-07-31 10:37:00,C6.5,6.57E-06,0.004272857,16,8,199907311021,8,1999-07-31 11:50:00,,,1999-07-31 11:26:05,1079,268,33,25,-31,,1999-07-31 12:00:00,No Type II data available
1999-08-28,20,70,0.0005,1755-1810,1752,26S;014W,1826,1999-08-28 18:26:00,110,462,,1999-08-28 17:52:00,1999-08-28 18:05:00,X1,0.0001,13,1999-08-28 17:48:00,1999-08-28 18:05:00,1999-08-28 18:18:00,X1.6,0.000161429,0.163728863,30,17,199908281748,8,1999-08-28 17:55:00,1999-08-28 18:10:00,,1999-08-28 18:26:24,462,245,120,-26,14,,1999-08-28 20:00:00,No Type II data available
1999-11-17,12,60,0.002,0950-0955,947,17N;021E,,,,,1,1999-11-17 09:47:00,1999-11-17 09:57:00,M7,7.00E-05,10,1999-11-17 09:47:00,1999-11-17 09:57:00,1999-11-17 10:02:00,X1.0,0.000106429,0.05230543,15,10,199911170947,8,1999-11-17 09:50:00,1999-11-17 09:55:00,,,,,,17,-21,,1999-11-17 12:00:00,Event has a slow rise. CDAW CME First Look Time data gap. CDAW CME Width data gap. CDAW CME Speed data gap. Passing shock not related to the source solar activity caused a related increase of particle intensity; No Type II data available
1999-12-28,2,100,0.002,0040-0050,39,20N;056W,54,1999-12-28 00:54:00,60,672,1,1999-12-28 00:39:00,1999-12-28 00:48:00,M5,5.00E-05,9,1999-12-28 00:34:00,1999-12-28 00:48:00,1999-12-28 00:52:00,M6.5,6.50E-05,0.027800228,18,14,199912280034,8,1999-12-28 00:40:00,1999-12-28 00:50:00,3,1999-12-28 00:54:05,672,82,293,20,56,,1999-12-28 02:00:00,
2000-01-09,14,60,0.006,1415-1420,,N;120W,,,,,4,,,,,,,,,,,,,,,,2000-01-09 14:15:00,2000-01-09 14:20:00,,,,,,,120,,2000-01-09 14:00:00,CDAW CME First Look Time data gap. CDAW CME Width data gap. CDAW CME Speed data gap. Passing shock not related to the source solar activity caused a related increase of particle intensity; Nothern Event; No Type II data available
2000-01-18,18,110,0.009,1710-1735,1707,19S;011E,1754,2000-01-18 17:54:00,120,739,,2000-01-18 17:07:00,2000-01-18 17:27:00,M4,4.00E-05,20,2000-01-18 17:02:00,2000-01-18 17:26:00,2000-01-18 17:44:00,M5.6,5.64E-05,0.083148859,42,24,200001181702,8,2000-01-18 17:10:00,2000-01-18 17:35:00,,2000-01-18 17:54:05,739,360,Halo,-19,-11,530,2000-01-18 18:00:00,No Type II data available
2000-02-12,5,80,0.009,0405-0420,351,26N;024W,431,2000-02-12 04:31:00,110,1107,,2000-02-12 03:51:00,2000-02-12 04:10:00,M1,1.00E-05,19,2000-02-12 03:51:00,2000-02-12 04:10:00,,M1.4,1.43E-05,,,,,,2000-02-12 04:05:00,2000-02-12 04:20:00,3,2000-02-12 04:31:20,1107,360,Halo,26,24,810,2000-02-12 05:00:00,
2000-02-17,21,120,0.009,2025-2040,2017,29S;007E,2130,2000-02-17 21:30:00,360,728,,2000-02-17 20:17:00,2000-02-17 20:35:00,M1,1.00E-05,18,2000-02-17 20:17:00,2000-02-17 20:35:00,,M1.4,1.43E-05,,,,,,2000-02-17 20:25:00,2000-02-17 20:40:00,3,2000-02-17 21:30:08,728,360,Halo,-29,-7,570,2000-02-17 21:00:00,
2000-02-18,10,150,0.075,0925-0930,,N;120W,954,2000-02-18 09:54:00,80,890,2,,,,,,,,,,,,,,,,2000-02-18 09:25:00,2000-02-18 09:30:00,,2000-02-18 09:54:05,890,118,286,,120,,2000-02-18 10:00:00,Passing shock not related to the source solar activity caused a related increase of particle intensity; Nothern Event; No Type II data available
2000-03-02,9,120,0.006,0825-0835,820,14S;052W,1154,2000-03-02 11:54:00,60,776,1,2000-03-02 08:20:00,2000-03-02 08:28:00,X1,0.0001,8,2000-03-02 08:17:00,2000-03-02 08:28:00,2000-03-02 08:31:00,X1.6,0.000162857,0.055111457,14,11,200003020817,8,2000-03-02 08:25:00,2000-03-02 08:35:00,2,,,,,-14,52,,2000-03-02 09:00:00,
2000-03-03,3,120,0.004,0215-0225,208,15S;060W,230,2000-03-03 02:30:00,80,841,1,2000-03-03 02:08:00,2000-03-03 02:14:00,M4,4.00E-05,6,2000-03-03 02:03:00,2000-03-03 02:14:00,2000-03-03 02:22:00,M5.5,5.53E-05,0.030558001,19,11,200003030203,8,2000-03-03 02:15:00,2000-03-03 02:25:00,0,2000-03-03 02:30:05,841,98,233,-15,60,,2000-03-03 03:00:00,No clear evidence of Type II burst in dynamic spectra
2000-03-22,20,80,0.004,1845-2015,1834,14N;057W,1931,2000-03-22 19:31:00,80,478,,2000-03-22 18:34:00,2000-03-22 18:48:00,X1,0.0001,14,2000-03-22 18:41:00,2000-03-22 18:48:00,2000-03-22 18:54:00,X1.5,0.000155714,0.104425713,13,7,200003221841,8,2000-03-22 18:45:00,2000-03-22 20:15:00,,2000-03-22 19:31:19,478,154,333,14,57,,2000-03-22 20:00:00,No Type II data available
2000-03-24,10,80,0.002,0750-0755,741,15N;082W,,,,,,2000-03-24 07:41:00,2000-03-24 07:52:00,X2,0.0002,11,2000-03-24 07:37:00,2000-03-24 07:52:00,2000-03-24 07:59:00,X2.6,0.000261429,0.167291999,22,15,200003240737,8,2000-03-24 07:50:00,2000-03-24 07:55:00,2,,,,,15,82,,2000-03-24 10:00:00,CDAW CME First Look Time data gap. CDAW CME Width data gap. CDAW CME Speed data gap
2000-04-04,16,80,0.117,1515-1535,1512,16N;066W,1632,2000-04-04 16:32:00,60,1188,4,2000-04-04 15:12:00,2000-04-04 15:41:00,C9,9.00E-06,29,2000-04-04 15:06:00,2000-04-04 15:41:00,2000-04-04 16:07:00,M1.3,1.40E-05,0.035357144,61,35,200004041506,8,2000-04-04 15:15:00,2000-04-04 15:35:00,,2000-04-04 16:32:37,1188,360,Halo,16,66,870,2000-04-04 16:00:00,No Type II data available
2000-04-23,14,150,0.007,~1225,,N;120W,1230,2000-04-23 12:30:00,120,1187,,,,,,,,,,,,,,,,,2000-04-23 12:25:00,,,2000-04-23 12:54:05,1187,360,Halo,,120,,2000-04-23 14:00:00,Passing shock not related to the source solar activity caused a related increase of particle intensity; Nothern Event; No Type II data available
2000-04-27,16,60,0.0007,~1420,1404,N;095W,1430,2000-04-27 14:30:00,50,1110,,2000-04-27 14:04:00,2000-04-27 14:40:00,C1,1.00E-06,36,2000-04-27 14:04:00,2000-04-27 14:40:00,,C1.4,1.43E-06,,,,,,2000-04-27 14:20:00,,,2000-04-27 14:30:05,1110,138,298,,95,,2000-04-27 16:00:00,Nothern Event; No Type II data available
2000-05-01,11,50,0.0009,1020-1025,1016,20N;054W,1054,2000-05-01 10:54:00,20,1360,1,2000-05-01 10:16:00,2000-05-01 10:27:00,M1,1.00E-05,11,2000-05-01 10:12:00,2000-05-01 10:26:00,2000-05-01 10:34:00,M1.5,1.59E-05,0.011269372,22,14,200005011012,8,2000-05-01 10:20:00,2000-05-01 10:25:00,0,2000-05-01 10:54:05,1360,54,323,20,54,,2000-05-01 11:00:00,No clear evidence of Type II burst in dynamic spectra
2000-05-04,12,60,0.001,1100-1105,1057,20S;090W,1126,2000-05-04 11:26:00,70,1404,1,2000-05-04 10:57:00,2000-05-04 11:08:00,M8,8.00E-05,11,2000-05-04 10:57:00,2000-05-04 11:08:00,,X1.1,0.00011429,,,,,,2000-05-04 11:00:00,2000-05-04 11:05:00,2,2000-05-04 11:26:05,1404,170,235,-20,90,,2000-05-04 12:00:00,
2000-05-05,20,50,0.001,1525-1530,,N;110W,1550,2000-05-05 15:50:00,120,1594,,,,M2,2.00E-05,,,,,,,,,,,,2000-05-05 15:25:00,2000-05-05 15:30:00,,2000-05-05 15:50:05,1594,360,Halo,,110,,2000-05-05 20:00:00,Event has a slow rise; Nothern Event; No Type II data available
2000-05-10,27,80,0.0006,1930-1945,1926,14N;020E,2006,2000-05-10 20:06:00,130,641,,2000-05-10 19:26:00,2000-05-10 19:37:00,C9,9.00E-06,11,2000-05-10 19:22:00,2000-05-10 19:41:00,2000-05-10 20:14:00,M1.2,1.26E-05,0.027408857,52,19,200005101922,8,2000-05-10 19:30:00,2000-05-10 19:45:00,,2000-05-10 20:06:07,641,205,83,14,-20,603,2000-05-11 03:00:00,Event has a slow rise; No Type II data available
2000-05-15,18,70,0.007,1600-1605,1546,22S;068W,1626,2000-05-15 16:26:00,70,1212,1,2000-05-15 15:46:00,2000-05-15 16:01:00,C8,8.00E-06,15,2000-05-15 15:44:00,2000-05-15 16:00:00,2000-05-15 16:20:00,M1.1,1.12E-05,0.020039143,36,16,200005151544,8,2000-05-15 16:00:00,2000-05-15 16:05:00,,2000-05-15 16:26:05,1212,165,257,-22,68,,2000-05-15 18:00:00,No Type II data available
2000-05-23,22,30,0.002,2045-2050,2048,23N;041W,2130,2000-05-23 21:30:00,50,475,1,2000-05-23 20:48:00,2000-05-23 20:53:00,M1,1.00E-05,5,2000-05-23 20:43:00,2000-05-23 20:53:00,2000-05-23 21:01:00,M1.3,1.36E-05,0.010332857,18,10,200005232043,8,2000-05-23 20:45:00,2000-05-23 20:50:00,0,2000-05-23 21:30:10,475,62,306,23,41,,2000-05-23 22:00:00,Passing shock with no particle increase; No clear evidence of Type II burst in dynamic spectra
2000-06-06,18,150,0.02,1510-1545,1458,20N;014E,1554,2000-06-06 15:54:00,180,1119,5,2000-06-06 14:58:00,2000-06-06 15:25:00,X2,0.0002,27,2000-06-06 14:58:00,2000-06-06 15:25:00,2000-06-06 15:40:00,X3.3,0.000331429,0.520788014,42,27,200006061458,8,2000-06-06 15:10:00,2000-06-06 15:45:00,,2000-06-06 15:54:05,1119,360,Halo,20,-14,990,2000-06-06 18:00:00,Event has a slow rise; No Type II data available
2000-06-10,18,200,0.79,1700-1715,1640,22N;040W,1708,2000-06-10 17:08:00,120,1108,2,2000-06-10 16:40:00,2000-06-10 17:02:00,M5,5.00E-05,22,2000-06-10 16:32:00,2000-06-10 17:00:00,2000-06-10 17:19:00,M7.4,7.49E-05,0.107813142,47,28,200006101632,8,2000-06-10 17:00:00,2000-06-10 17:15:00,,2000-06-10 17:08:05,1108,360,Halo,22,40,,2000-06-10 18:00:00,Passing shock not related to the source solar activity caused a related increase of particle intensity; No Type II data available
2000-06-15,21,30,0.001,1945-1950,1938,20N;062W,1950,2000-06-15 19:50:00,70,1081,1,2000-06-15 19:38:00,2000-06-15 19:57:00,M2,2.00E-05,19,2000-06-15 19:35:00,2000-06-15 19:56:00,2000-06-15 20:19:00,M2.6,2.67E-05,0.045774002,44,21,200006151935,8,2000-06-15 19:45:00,2000-06-15 19:50:00,,2000-06-15 20:06:05,1081,116,298,20,62,,2000-06-15 21:00:00,No Type II data available
2000-06-17,5,70,0.004,~0230,225,22N;072W,328,2000-06-17 03:28:00,60,927,1,2000-06-17 02:25:00,2000-06-17 02:37:00,M4,4.00E-05,12,2000-06-17 02:17:00,2000-06-17 02:37:00,2000-06-17 02:45:00,M5.0,5.09E-05,0.038474571,28,20,200006170217,8,2000-06-17 02:30:00,,0,2000-06-17 03:28:13,857,133,298,22,72,,2000-06-17 05:00:00,No clear evidence of Type II burst in dynamic spectra
2000-06-18,26,70,0.014,0150-0155,152,23N;085W,210,2000-06-18 02:10:00,70,629,1,2000-06-18 01:52:00,2000-06-18 01:59:00,X1,0.0001,7,2000-06-18 01:50:00,2000-06-18 01:59:00,2000-06-18 02:03:00,X1.4,0.000144286,0.05132743,13,9,200006180150,8,2000-06-18 01:50:00,2000-06-18 01:55:00,,2000-06-18 02:10:07,629,132,307,23,85,,2000-06-19 02:00:00,No Type II data available
2000-06-23,16,70,0.008,1420-1425,1418,23N;072W,1454,2000-06-23 14:54:00,60,847,1,2000-06-23 14:18:00,2000-06-23 14:31:00,M3,3.00E-05,13,2000-06-23 14:15:00,2000-06-23 14:31:00,2000-06-23 14:46:00,M4.3,4.36E-05,0.047478002,31,16,200006231415,8,2000-06-23 14:20:00,2000-06-23 14:25:00,0,2000-06-23 14:54:05,847,198,282,23,72,,2000-06-23 16:00:00,No clear evidence of Type II burst in dynamic spectra
2000-06-25,12,70,0.007,0740-0745,717,16N;055W,754,2000-06-25 07:54:00,70,1617,3,2000-06-25 07:17:00,2000-06-25 07:52:00,M2,2.00E-05,35,2000-06-25 07:13:00,2000-06-25 07:51:00,2000-06-25 08:21:00,M2.8,2.83E-05,0.063271284,68,38,200006250713,8,2000-06-25 07:40:00,2000-06-25 07:45:00,1,2000-06-25 07:54:13,1617,165,262,16,55,,2000-06-25 12:00:00,
2000-06-28,20,70,0.0006,1845-1905,1848,N;095W?,1931,2000-06-28 19:31:00,90,1198,1,2000-06-28 18:48:00,2000-06-28 19:10:00,C4,4.00E-06,22,2000-06-28 18:45:00,2000-06-28 19:10:00,2000-06-28 19:39:00,C5.4,5.43E-06,0.013308343,54,25,200006281845,8,2000-06-28 18:45:00,2000-06-28 19:05:00,,2000-06-28 19:31:55,1198,134,270,,95,,2000-06-28 20:00:00,Location uncertain; Nothern Event; No Type II data available
2000-07-10,24,70,0.002,2125-2130,2105,18N;049E,2150,2000-07-10 21:50:00,130,1352,,2000-07-10 21:05:00,2000-07-10 21:42:00,M6,6.00E-05,37,2000-07-10 21:16:00,2000-07-10 21:42:00,2000-07-10 22:16:00,M8.2,8.27E-05,0.25738287,60,26,200007102116,8,2000-07-10 21:25:00,2000-07-10 21:30:00,3,2000-07-10 21:50:06,1352,289,67,18,-49,,2000-07-11 00:00:00,Passing shock not related to the source solar activity caused a related increase of particle intensity
2000-07-14,11,900,45,1020-1050,1003,22N;007W,1054,2000-07-14 10:54:00,360,1674,4,2000-07-14 10:03:00,2000-07-14 10:22:00,X6,0.0006,19,2000-07-14 10:03:00,2000-07-14 10:24:00,2000-07-14 10:43:00,X8.2,0.000821429,1.094373465,40,21,200007141003,8,2000-07-14 10:20:00,2000-07-14 10:50:00,2,2000-07-14 10:54:07,1674,360,Halo,22,7,1600,2000-07-14 11:00:00,
2000-07-22,12,150,0.19,1130-1135,1117,14N;056W,1154,2000-07-22 11:54:00,80,1230,3,2000-07-22 11:17:00,2000-07-22 11:34:00,M4,4.00E-05,17,2000-07-22 11:06:00,2000-07-22 11:34:00,2000-07-22 12:03:00,M5.3,5.33E-05,0.106913142,57,28,200007221106,8,2000-07-22 11:30:00,2000-07-22 11:35:00,2,2000-07-22 11:54:05,1230,229,259,14,56,,2000-07-22 12:00:00,
2000-07-27,24,120,0.031,~1930,,N;120W,1954,2000-07-27 19:54:00,360,905,,,,,,,,,,,,,,,,,2000-07-27 19:30:00,,,2000-07-27 19:54:06,905,360,Halo,,120,,2000-07-28 00:00:00,Passing shock not related to the source solar activity caused a related increase of particle intensity; Nothern Event; No Type II data available
2000-08-09,50,60,0.0001,1525-1545,1519,11N;011W,1630,2000-08-09 16:30:00,360,702,5,2000-08-09 15:19:00,2000-08-09 16:21:00,C2,2.00E-06,62,2000-08-09 15:19:00,2000-08-09 16:21:00,,C2.8,2.86E-06,,,,,,2000-08-09 15:25:00,2000-08-09 15:45:00,,2000-08-09 16:30:05,702,360,Halo,11,11,805,2000-08-11 02:00:00,Event has a slow rise; No Type II data available
2000-08-12,11,60,0.003,1000-1005,945,17S;079W,1035,2000-08-12 10:35:00,60,662,1,2000-08-12 09:45:00,2000-08-12 09:56:00,M1,1.00E-05,11,2000-08-12 09:41:00,2000-08-12 09:56:00,2000-08-12 10:09:00,M1.6,1.67E-05,0.017352343,28,15,200008120941,8,2000-08-12 10:00:00,2000-08-12 10:05:00,2,2000-08-12 10:35:14,662,168,285,-17,79,,2000-08-12 11:00:00,Passing shock not related to the source solar activity caused a related increase of particle intensity
2000-09-04,20,,5.00E-05,0545-0625,649,12N;037W,606,2000-09-04 06:06:00,90,849,5,2000-09-04 06:49:00,2000-09-04 06:52:00,C1,1.00E-06,3,2000-09-04 06:49:00,2000-09-04 06:52:00,,C1.4,1.43E-06,,,,,,2000-09-04 05:45:00,2000-09-04 06:25:00,0,2000-09-04 06:06:05,849,145,327,12,37,713,2000-09-04 20:00:00,Event has a slow rise; No clear evidence of Type II burst in dynamic spectra
2000-09-07,21,60,0.001,~2055,2032,06N;047W,2130,2000-09-07 21:30:00,90,422,,2000-09-07 20:32:00,2000-09-07 20:55:00,C7,7.00E-06,23,2000-09-07 20:28:00,2000-09-07 20:55:00,2000-09-07 21:12:00,M1.0,1.03E-05,0.019053429,44,27,200009072028,8,2000-09-07 20:55:00,,2,2000-09-07 21:30:08,422,169,297,6,47,,2000-09-07 21:00:00,
2000-09-09,10,70,0.003,~0830,828,07N;067W,856,2000-09-09 08:56:00,70,554,,2000-09-09 08:28:00,2000-09-09 08:49:00,M2,2.00E-05,21,2000-09-09 08:28:00,2000-09-09 08:49:00,,M2.8,2.86E-05,,,,,,2000-09-09 08:30:00,,3,2000-09-09 08:56:59,554,180,271,7,67,,2000-09-09 10:00:00,
2000-09-12,13,150,0.64,1145-1150,1131,17S;009W,1154,2000-09-12 11:54:00,100,1550,2,2000-09-12 11:31:00,2000-09-12 12:13:00,M1,1.00E-05,42,2000-09-12 11:20:00,2000-09-12 12:12:00,2000-09-12 13:20:00,M1.4,1.44E-05,0.069495432,120,52,200009121120,8,2000-09-12 11:45:00,2000-09-12 11:50:00,1,2000-09-12 11:54:05,1550,360,Halo,-17,9,640,2000-09-12 13:00:00,
2000-09-19,11,70,0.004,0810-0820,806,14N;046W,850,2000-09-19 08:50:00,60,766,1,2000-09-19 08:06:00,2000-09-19 08:26:00,M5,5.00E-05,20,2000-09-19 08:02:00,2000-09-19 08:26:00,2000-09-19 08:42:00,M7.3,7.33E-05,0.103984289,40,24,200009190802,8,2000-09-19 08:10:00,2000-09-19 08:20:00,1,2000-09-19 08:50:05,766,76,283,14,46,,2000-09-19 11:00:00,
2000-10-09,30,70,0.002,2320-2345,2319,01N;014W,2350,2000-10-09 23:50:00,360,798,5,2000-10-09 23:19:00,2000-10-09 23:43:00,C7,7.00E-06,24,2000-10-09 23:14:00,2000-10-09 23:43:00,2000-10-10 00:23:00,C9.5,9.59E-06,0.025176857,69,29,200010092314,8,2000-10-09 23:20:00,2000-10-09 23:45:00,2,2000-10-09 23:50:05,798,175,295,1,14,590,2000-10-10 06:00:00,Event has a slow rise
2000-10-16,7,120,0.12,~0650,640,N;095W,727,2000-10-16 07:27:00,90,1336,2,2000-10-16 06:40:00,2000-10-16 07:28:00,M2,2.00E-05,48,2000-10-16 06:40:00,2000-10-16 07:28:00,,M2.8,2.86E-05,,,,,,2000-10-16 06:50:00,,,2000-10-16 07:27:21,1336,360,Halo,,95,,2000-10-16 07:00:00,Nothern Event; No Type II data available
2000-10-25,13,120,0.065,~0955,845,S;120W,826,2000-10-25 08:26:00,130,770,3,2000-10-25 08:45:00,2000-10-25 11:25:00,C4,4.00E-06,160,2000-10-25 08:45:00,2000-10-25 11:25:00,,C5.7,5.71E-06,,,,,,2000-10-25 09:55:00,,,2000-10-25 08:26:05,770,360,Halo,,120,580,2000-10-25 13:00:00,Southern event; No Type II data available
2000-10-29,12,70,0.0003,0150-0210,128,25S;035E,,,,,5,2000-10-29 01:28:00,2000-10-29 01:57:00,M4,4.00E-05,29,2000-10-29 01:40:00,2000-10-29 01:56:00,2000-10-29 02:08:00,M6.4,6.41E-05,0.074597143,28,16,200010290140,8,2000-10-29 01:50:00,2000-10-29 02:10:00,2,,,,,-25,-35,650,2000-10-29 12:00:00,Event has a slow rise. CDAW CME First Look Time data gap. CDAW CME Width data gap. CDAW CME Speed data gap
2000-11-08,23,300,,2255-2335,2242,10N;075W,2306,2000-11-08 23:06:00,120,1738,4,2000-11-08 22:42:00,2000-11-08 23:28:00,M7,7.00E-05,46,2000-11-08 22:40:00,2000-11-08 23:28:00,2000-11-09 00:05:00,X1.0,0.000106857,0.303546011,85,48,200011082240,8,2000-11-08 22:55:00,2000-11-08 23:35:00,0,2000-11-08 23:06:05,1738,170,271,10,75,1300,2000-11-08 23:00:00,No clear evidence of Type II burst in dynamic spectra
2000-11-24,6,300,0.07,0500-0525,455,22N;003W,530,2000-11-24 05:30:00,360,1289,3,2000-11-24 04:55:00,2000-11-24 05:02:00,X2,0.0002,7,2000-11-24 04:55:00,2000-11-24 05:02:00,2000-11-24 05:08:00,X2.8,0.000287143,0.125297144,13,7,200011240455,8,2000-11-24 05:00:00,2000-11-24 05:25:00,3,2000-11-24 05:30:05,1289,360,Halo,22,3,,2000-11-24 06:00:00,Passing shock not related to the source solar activity caused a related increase of particle intensity
2000-11-24,16,300,0.9,1455-1525,1451,22N;007W,1530,2000-11-24 15:30:00,360,1245,2,2000-11-24 14:51:00,2000-11-24 15:13:00,X2,0.0002,22,2000-11-24 14:51:00,2000-11-24 15:13:00,,X2.8,0.00028571,,,,,,2000-11-24 14:55:00,2000-11-24 15:25:00,1,2000-11-24 15:30:05,1245,360,Halo,22,7,,2000-11-24 16:00:00,Passing shock not related to the source solar activity caused a related increase of particle intensity
2000-11-25,18,300,,0100-0135,59,07N;050E,131,2000-11-25 01:31:00,120,2519,5,2000-11-25 00:59:00,2000-11-25 01:31:00,M8,8.00E-05,32,2000-11-25 00:50:00,2000-11-25 01:31:00,2000-11-25 02:02:00,X1.1,0.000118286,0.30870086,72,41,200011250050,8,2000-11-25 01:00:00,2000-11-25 01:35:00,3,2000-11-25 01:31:58,2519,360,Halo,7,-50,1000,2000-11-25 18:00:00,Event has a slow rise
2000-12-28,15,120,0.007,~1205,,N;120W,1206,2000-12-28 12:06:00,360,930,,,,,,,,,,,,,,,,,2000-12-28 12:05:00,,,2000-12-28 12:06:05,930,360,Halo,,120,,2000-12-28 15:00:00,Nothern Event; No Type II data available
2001-01-05,19,70,0.01,~1650,,N;120W,1706,2001-01-05 17:06:00,140,828,,,,C2,2.00E-06,,,,,,,,,,,,2001-01-05 16:50:00,,,2001-01-05 17:06:05,828,360,Halo,,120,,2001-01-05 19:00:00,Nothern Event; No Type II data available
2001-01-20,29,120,0.003,1845-1855,1833,08S;041E,1932,2001-01-20 19:32:00,130,1507,5,2001-01-20 18:33:00,2001-01-20 18:47:00,M1,1.00E-05,14,2001-01-20 18:33:00,2001-01-20 18:47:00,,M1.4,1.43E-05,,,,,,2001-01-20 18:45:00,2001-01-20 18:55:00,3,2001-01-20 19:31:50,839,360,Halo,-8,-41,680,2001-01-21 05:00:00,Event has a slow rise
2001-01-26,14,50,0.001,1150-1155,1150,27S;057W,1206,2001-01-26 12:06:00,40,928,,2001-01-26 11:50:00,2001-01-26 12:06:00,C2,2.00E-06,16,2001-01-26 11:50:00,2001-01-26 12:06:00,,C2.8,2.86E-06,,,,,,2001-01-26 11:50:00,2001-01-26 11:55:00,2,2001-01-26 12:06:05,928,176,276,-27,57,,2001-01-26 14:00:00,
2001-01-28,17,150,0.29,1540-1605,1540,04S;059W,1554,2001-01-28 15:54:00,120,916,2,2001-01-28 15:40:00,2001-01-28 16:00:00,M2,2.00E-05,20,2001-01-28 15:40:00,2001-01-28 16:00:00,,M2.8,2.86E-05,,,,,,2001-01-28 15:40:00,2001-01-28 16:05:00,,2001-01-28 15:54:05,916,360,Halo,-4,59,630,2001-01-28 17:00:00,No Type II data available
2001-02-11,3,70,0.0048,0100-0110,57,24N;057W,131,2001-02-11 01:31:00,80,1183,,2001-02-11 00:57:00,2001-02-11 01:23:00,C7,7.00E-06,26,2001-02-11 00:51:00,2001-02-11 01:22:00,2001-02-11 01:47:00,C9.3,9.37E-06,0.019463401,56,31,200102110051,8,2001-02-11 01:00:00,2001-02-11 01:10:00,2,2001-02-11 01:31:48,1183,360,Halo,24,57,,2001-02-11 03:00:00,Passing shock not related to the source solar activity caused a related increase of particle intensity
2001-02-26,8,60,0.0048,~0505,,N;120W,754,2001-02-26 05:30:05,100,851,1,,,,,,,,,,,,,,,,2001-02-26 05:05:00,,,2001-02-26 05:30:05,851,152,246,,120,,2001-02-26 08:00:00,Nothern Event; No Type II data available
2001-03-10,8,60,0.002,0400-0410,400,27N;042W,426,2001-03-10 04:26:00,20,819,1,2001-03-10 04:00:00,2001-03-10 04:05:00,M7,7.00E-05,5,2001-03-10 03:55:00,2001-03-10 04:05:00,2001-03-10 04:07:00,M9.5,9.58E-05,0.021190403,12,10,200103100355,8,2001-03-10 04:00:00,2001-03-10 04:10:00,2,2001-03-10 04:26:05,819,81,297,27,42,,2001-03-10 08:00:00,
2001-03-25,22,30,0.0001,1635-1700,1625,16N;023E,1706,2001-03-25 17:06:00,360,677,5,2001-03-25 16:25:00,2001-03-25 16:36:00,C9,9.00E-06,11,2001-03-25 16:25:00,2001-03-25 16:36:00,,M1.2,1.29E-05,,,,,,2001-03-25 16:35:00,2001-03-25 17:00:00,,2001-03-25 17:06:05,677,360,Halo,16,-23,850,2001-03-25 22:00:00,Event has a slow rise; No Type II data available
2001-03-29,12,150,0.24,1000-1015,957,16N;012W,1026,2001-03-29 10:26:00,360,942,2,2001-03-29 09:57:00,2001-03-29 10:15:00,X2,0.0002,18,2001-03-29 09:57:00,2001-03-29 10:15:00,,X2.8,0.00028571,,,,,,2001-03-29 10:00:00,2001-03-29 10:15:00,2,2001-03-29 10:26:05,942,360,Halo,16,12,700,2001-03-29 12:00:00,
2001-04-02,13,150,0.03,1100-1105,1058,16N;062W,1126,2001-04-02 11:26:00,50,992,2,2001-04-02 10:58:00,2001-04-02 11:36:00,X1,0.0001,38,2001-04-02 10:52:00,2001-04-02 11:36:00,2001-04-02 12:05:00,X1.5,0.000158789,0.432891965,73,44,200104021052,8,2001-04-02 11:00:00,2001-04-02 11:05:00,3,2001-04-02 11:26:05,992,80,270,16,62,,2001-04-02 13:00:00,Passing shock not related to the source solar activity caused a related increase of particle intensity
2001-04-02,23,400,3.9,2145-2215,2132,17N;078W,2206,2001-04-02 22:06:00,100,2505,2,2001-04-02 21:32:00,2001-04-02 21:51:00,X20,0.002,19,2001-04-02 21:32:00,2001-04-02 21:51:00,,X28.5,0.0028571,,,,,,2001-04-02 21:45:00,2001-04-02 22:15:00,3,2001-04-02 22:06:07,2505,244,261,17,78,1020,2001-04-02 23:00:00,
2001-04-09,16,300,0.043,1525-1545,1520,21S;004W,1554,2001-04-09 15:54:00,360,1192,2,2001-04-09 15:20:00,2001-04-09 15:34:00,M8,8.00E-05,14,2001-04-09 15:19:00,2001-04-09 15:34:00,2001-04-09 16:00:00,X1.1,0.000114194,0.18487145,41,15,200104091519,8,2001-04-09 15:25:00,2001-04-09 15:45:00,3,2001-04-09 15:54:02,1192,360,Halo,-21,4,,2001-04-09 16:00:00,Passing shock not related to the source solar activity caused a related increase of particle intensity
2001-04-10,7,300,1.07,0510-0540,506,23S;009W,530,2001-04-10 05:30:00,360,2411,4,2001-04-10 05:06:00,2001-04-10 05:26:00,X2,0.0002,20,2001-04-10 05:06:00,2001-04-10 05:26:00,,X2.8,0.00028571,,,,,,2001-04-10 05:10:00,2001-04-10 05:40:00,3,2001-04-10 05:30:00,2411,360,Halo,-23,9,1290,2001-04-10 07:00:00,
2001-04-12,12,300,0.34,1015-1045,939,20S;042W,1031,2001-04-12 10:31:00,120,1184,2,2001-04-12 09:39:00,2001-04-12 10:28:00,X2,0.0002,49,2001-04-12 10:03:00,2001-04-12 10:28:00,2001-04-12 10:49:00,X2.8,0.000289553,0.431190878,46,25,200104121003,8,2001-04-12 10:15:00,2001-04-12 10:45:00,3,2001-04-12 10:31:29,1184,360,Halo,-20,42,,2001-04-12 12:00:00,Passing shock not related to the source solar activity caused a related increase of particle intensity
2001-04-14,18,,,1710-1800,1715,17S;071W,1754,2001-04-14 17:54:00,50,830,1,2001-04-14 17:15:00,,M1,1.00E-05,,2001-04-14 17:15:00,,,M1.4,1.43E-05,,,,,,2001-04-14 17:10:00,2001-04-14 18:00:00,,2001-04-14 17:54:05,830,113,263,-17,71,,2001-04-14 18:00:00,No Type II data available
2001-04-15,14,900,12.2,1345-1415,1319,20S;084W,1406,2001-04-15 14:06:00,110,1199,2,2001-04-15 13:19:00,2001-04-15 13:50:00,X14,0.0014,31,2001-04-15 13:33:00,2001-04-15 13:50:00,2001-04-15 13:55:00,X20.6,0.002066793,0.915895641,22,17,200104151333,8,2001-04-15 13:45:00,2001-04-15 14:15:00,3,2001-04-15 14:06:31,1199,167,245,-20,84,700,2001-04-15 14:00:00,
2001-04-18,3,900,2.9,0220-0240,212,S;120W,230,2001-04-18 02:30:00,140,2465,2,2001-04-18 02:12:00,2001-04-18 03:16:00,C2,2.00E-06,64,2001-04-18 02:12:00,2001-04-18 03:16:00,,C2.8,2.86E-06,,,,,,2001-04-18 02:20:00,2001-04-18 02:40:00,3,2001-04-18 02:30:05,2465,360,Halo,,120,,2001-04-18 03:00:00,Southern event
2001-04-26,22,30,0.0003,1305-1310,1126,17N;031W,1230,2001-04-26 12:30:00,360,1006,5,2001-04-26 11:26:00,2001-04-26 13:12:00,M8,8.00E-05,106,2001-04-26 13:03:00,2001-04-26 13:12:00,2001-04-26 13:18:00,X1.1,0.000112699,0.062572084,15,9,200104261303,8,2001-04-26 13:05:00,2001-04-26 13:10:00,0,2001-04-26 12:30:05,1006,360,Halo,17,31,1040,2001-04-26 22:00:00,Event has a slow rise; No clear evidence of Type II burst in dynamic spectra
2001-05-07,13,90,0.15,~0855,,N;120W,1006,2001-05-07 10:06:00,180,1223,2,,,,,,,,,,,,,,,,2001-05-07 08:55:00,,,2001-05-07 10:06:05,604,233,214,,120,,2001-05-07 13:00:00,Passing shock with no particle increase; Nothern Event; No Type II data available
2001-05-20,8,150,0.14,0605-0615,600,17S;091W,626,2001-05-20 06:26:00,90,546,2,2001-05-20 06:00:00,2001-05-20 06:03:00,M6,6.00E-05,3,2001-05-20 06:02:00,2001-05-20 06:03:00,2001-05-20 06:06:00,M9.2,9.22E-05,0.017582173,4,1,200105200602,8,2001-05-20 06:05:00,2001-05-20 06:15:00,3,2001-05-20 06:26:05,546,179,227,-17,91,,2001-05-20 08:00:00,
2001-05-29,24,40,0.0001,2355-2415,,S;E120,2406,,90,2087,,,,,,,,,,,,,,,,,2001-05-29 23:55:00,,,,,,,,,,2001-05-30 00:00:00,Event has a slow rise; Southern event; No Type II data available
2001-06-04,17,70,0.016,1625-1635,1611,22N;060W,1630,2001-06-04 16:30:00,80,464,,2001-06-04 16:11:00,2001-06-04 16:33:00,C3,3.00E-06,22,2001-06-04 16:10:00,2001-06-04 16:33:00,2001-06-04 16:44:00,C4.6,4.63E-06,0.005714685,34,23,200106041610,8,2001-06-04 16:25:00,2001-06-04 16:35:00,2,2001-06-04 16:30:05,464,89,299,22,60,,2001-06-04 17:00:00,Passing shock with no particle increase
2001-06-11,14,45,0.0006,0540-0545,533,16S;034W?,606,2001-06-11 06:06:00,,326,1,2001-06-11 05:33:00,2001-06-11 05:52:00,C7,7.00E-06,19,2001-06-11 05:32:00,2001-06-11 05:52:00,2001-06-11 06:02:00,M1.0,1.02E-05,0.014312294,30,20,200106110532,8,2001-06-11 05:40:00,2001-06-11 05:45:00,2,2001-06-11 06:06:05,326,96,196,-16,34,,2001-06-11 14:00:00,Event has a slow rise; Location uncertain
2001-06-15,11,60,0.001,1005-1020,1001,26S;041E,1032,2001-06-15 10:32:00,50,1090,1,2001-06-15 10:01:00,2001-06-15 10:13:00,M6,6.00E-05,12,2001-06-15 09:57:00,2001-06-15 10:13:00,2001-06-15 10:20:00,M9.1,9.11E-05,0.063118525,23,16,200106150957,8,2001-06-15 10:05:00,2001-06-15 10:20:00,2,2001-06-15 10:31:33,1090,119,185,-26,-41,,2001-06-15 11:00:00,Passing shock not related to the source solar activity caused a related increase of particle intensity
2001-06-15,15,120,0.28,~1530,,S;120W,1556,2001-06-15 15:56:00,130,1701,3,,,,,,,,,,,,,,,,2001-06-15 15:30:00,,,2001-06-15 15:56:27,1701,360,Halo,,120,,2001-06-15 15:00:00,Passing shock not related to the source solar activity caused a related increase of particle intensity; Southern event; No Type II data available
2001-06-18,27,100,0.004,2220-2230,2150,10S;023W,354,2001-06-18 22:46:55,30,1301,,2001-06-18 21:50:00,2001-06-18 23:01:00,C5,5.00E-06,71,2001-06-18 21:50:00,2001-06-18 23:01:00,,C7.1,7.14E-06,,,,,,2001-06-18 22:20:00,2001-06-18 22:30:00,0,2001-06-18 22:46:55,1301,59,217,-10,23,,2001-06-19 03:00:00,No clear evidence of Type II burst in dynamic spectra
2001-07-19,11,40,0.0003,~1000,952,12S;062W,1030,2001-07-19 10:30:00,40,1668,1,2001-07-19 09:52:00,2001-07-19 10:04:00,M2,2.00E-05,12,2001-07-19 09:47:00,2001-07-19 10:04:00,2001-07-19 10:17:00,M2.6,2.69E-05,0.024989141,30,17,200107190947,8,2001-07-19 10:00:00,,0,2001-07-19 10:30:22,1668,166,275,-12,62,,2001-07-19 11:00:00,No clear evidence of Type II burst in dynamic spectra
2001-08-09,16,70,0.013,,,N;000W?,1030,2001-08-09 10:30:00,160,479,5,,,,,,,,,,,,,,,,,,,2001-08-09 10:30:21,479,175,285,,0,640,2001-08-09 16:00:00,Location uncertain; Nothern Event; No Type II data available
2001-08-14,18,60,0.001,1145-1200,1130,;110W,1601,2001-08-14 16:01:00,360,618,,2001-08-14 11:30:00,2001-08-14 12:42:00,C2,2.00E-06,72,2001-08-14 11:30:00,2001-08-14 12:42:00,,C2.8,2.86E-06,,,,,,2001-08-14 11:45:00,2001-08-14 12:00:00,2,2001-08-14 16:01:28,618,360,Halo,,110,,2001-08-14 18:00:00,
2001-08-15,25,500,5.7,~2355,,S;120W,2354,2001-08-15 23:54:00,180,1575,4,,,,,,,,,,,,,,,,2001-08-15 23:55:00,,,2001-08-15 23:54:05,1575,360,Halo,,120,,2001-08-16 01:00:00,Passing shock not related to the source solar activity caused a related increase of particle intensity; Southern event; No Type II data available
2001-09-12,23,30,0.0005,2135,,16S;062W?,2206,2001-09-12 22:06:00,30,668,1,,,M1,1.00E-05,,,,,,,,,,,,2001-09-12 21:35:00,,,2001-09-12 22:06:05,668,114,239,-16,62,,2001-09-12 23:00:00,Passing shock not related to the source solar activity caused a related increase of particle intensity; Location uncertain; No Type II data available
2001-09-15,12,120,0.073,1135-1200,1104,27S;053W,1154,2001-09-15 11:54:00,80,478,,2001-09-15 11:04:00,2001-09-15 11:28:00,M2,2.00E-05,24,2001-09-15 11:04:00,2001-09-15 11:28:00,,M2.8,2.86E-05,,,,,,2001-09-15 11:35:00,2001-09-15 12:00:00,2,2001-09-15 11:54:07,478,130,263,-27,53,,2001-09-15 12:00:00,
2001-09-17,12,60,0.0009,0820-0830,818,14S;004E,854,2001-09-17 08:54:00,50,1009,,2001-09-17 08:18:00,2001-09-17 08:25:00,M2,2.00E-05,7,2001-09-17 08:18:00,2001-09-17 08:25:00,,M2.8,2.86E-05,,,,,,2001-09-17 08:20:00,2001-09-17 08:30:00,3,2001-09-17 08:54:05,1009,166,198,-14,-4,,2001-09-17 12:00:00,Event has a slow rise
2001-09-24,11,400,8.49,1020-1040,932,16S;023E,1030,2001-09-24 10:30:00,120,2402,4,2001-09-24 09:32:00,2001-09-24 10:38:00,X3,0.0003,66,2001-09-24 09:32:00,2001-09-24 10:38:00,,X4.2,0.00042857,,,,,,2001-09-24 10:20:00,2001-09-24 10:40:00,0,2001-09-24 10:30:59,2402,360,Halo,-16,-23,1220,2001-09-24 11:00:00,No clear evidence of Type II burst in dynamic spectra
2001-10-01,12,120,1.89,0440-0520,441,S;095W,530,2001-10-01 05:30:00,80,1405,4,2001-10-01 04:41:00,2001-10-01 05:05:00,M9,9.00E-05,24,2001-10-01 04:41:00,2001-10-01 05:05:00,,X1.2,0.00012857,,,,,,2001-10-01 04:40:00,2001-10-01 05:20:00,0,2001-10-01 05:30:05,1405,360,Halo,,95,,2001-10-01 12:00:00,Event has a slow rise. Passing shock not related to the source solar activity caused a related increase of particle intensity; Southern event; No clear evidence of Type II burst in dynamic spectra
2001-10-05,17,60,0.03,1025-1030,,S;110W,1030,2001-10-05 10:30:00,120,1537,,,,C2,2.00E-06,,,,,,,,,,,,2001-10-05 10:25:00,2001-10-05 10:30:00,0,2001-10-05 10:30:27,1537,360,Halo,,110,,2001-10-05 17:00:00,Event has a slow rise; Southern event; No clear evidence of Type II burst in dynamic spectra
2001-10-09,8,60,0.02,0735-0755,,S;120W,806,2001-10-09 08:06:00,70,526,1,,,,,,,,,,,,,,,,2001-10-09 07:35:00,2001-10-09 07:55:00,2,2001-10-09 08:06:05,526,126,249,,120,,2001-10-09 08:00:00,Passing shock not related to the source solar activity caused a related increase of particle intensity; Southern event
2001-10-09,14,70,0.012,1050-1130,1046,25S;010E,1130,2001-10-09 11:30:00,120,973,,2001-10-09 10:46:00,2001-10-09 11:13:00,M1,1.00E-05,27,2001-10-09 10:46:00,2001-10-09 11:13:00,,M1.4,1.43E-05,,,,,,2001-10-09 10:50:00,2001-10-09 11:30:00,2,2001-10-09 11:30:05,973,360,Halo,-25,-10,780,2001-10-09 14:00:00,Event has a slow rise
2001-10-19,1,150,0.04,0100-0130,47,16N;018W,127,2001-10-19 01:27:00,180,558,,2001-10-19 00:47:00,2001-10-19 01:05:00,X2,0.0002,18,2001-10-19 00:47:00,2001-10-19 01:05:00,,X2.8,0.00028571,,,,,,2001-10-19 01:00:00,2001-10-19 01:30:00,3,2001-10-19 01:27:17,558,360,Halo,16,18,,2001-10-19 01:00:00,Passing shock not related to the source solar activity caused a related increase of particle intensity
2001-10-19,16,150,0.076,1630-1700,1613,15N;029W,1650,2001-10-19 16:50:00,160,901,4,2001-10-19 16:13:00,2001-10-19 16:30:00,X2,0.0002,17,2001-10-19 16:13:00,2001-10-19 16:30:00,,X2.8,0.00028571,,,,,,2001-10-19 16:30:00,2001-10-19 17:00:00,2,2001-10-19 16:50:05,901,360,Halo,15,29,870,2001-10-19 16:00:00,
2001-10-22,4,60,0.0003,0030-0040,22,17N;057W,50,2001-10-22 00:50:00,20,772,1,2001-10-22 00:22:00,2001-10-22 00:40:00,M1,1.00E-05,18,2001-10-22 00:32:00,2001-10-22 00:40:00,2001-10-22 00:48:00,M1.5,1.51E-05,0.010614002,16,8,200110220032,8,2001-10-22 00:30:00,2001-10-22 00:40:00,0,2001-10-22 00:50:05,772,89,266,17,57,,2001-10-22 04:00:00,Passing shock not related to the source solar activity caused a related increase of particle intensity; No clear evidence of Type II burst in dynamic spectra
2001-10-22,15,150,0.16,1500-1530,1427,21S;018E,1506,2001-10-22 15:06:00,140,1336,2,2001-10-22 14:27:00,2001-10-22 15:08:00,M7,7.00E-05,41,2001-10-22 14:14:00,2001-10-22 15:08:00,2001-10-22 15:31:00,M9.5,9.60E-05,0.216032028,77,54,200110221414,8,2001-10-22 15:00:00,2001-10-22 15:30:00,2,2001-10-22 15:06:05,1336,360,Halo,-21,-18,640,2001-10-22 15:00:00,
2001-11-04,17,900,16.8,1615-1640,1603,06N;018W,1635,2001-11-04 16:35:00,360,1810,4,2001-11-04 16:03:00,2001-11-04 16:20:00,X1,0.0001,17,2001-11-04 16:00:00,2001-11-04 16:20:00,2001-11-04 16:57:00,X1.4,0.000147631,0.320824176,57,20,200111041600,8,2001-11-04 16:15:00,2001-11-04 16:40:00,2,2001-11-04 16:35:06,1810,360,Halo,6,18,1250,2001-11-04 17:00:00,
2001-11-17,7,50,0.01,0500-0530,449,13S;042E,530,2001-11-17 05:30:00,160,1379,5,2001-11-17 04:49:00,2001-11-17 05:25:00,M3,3.00E-05,36,2001-11-17 04:12:00,2001-11-17 05:25:00,2001-11-17 06:15:00,M4.0,4.05E-05,0.15528813,123,73,200111170412,8,2001-11-17 05:00:00,2001-11-17 05:30:00,1,2001-11-17 05:30:06,1379,360,Halo,-13,-42,680,2001-11-17 07:00:00,
2001-11-22,21,100,0.21,2025-2045,2018,25S;067W,2058,2001-11-22 20:58:00,120,1443,,2001-11-22 20:18:00,2001-11-22 20:36:00,M4,4.00E-05,18,2001-11-22 20:13:00,2001-11-22 20:35:00,2001-11-22 20:52:00,M5.5,5.51E-05,0.075199723,39,22,200111222013,8,2001-11-22 20:25:00,2001-11-22 20:45:00,3,2001-11-22 20:30:33,1443,360,Halo,-25,67,,2001-11-22 21:00:00,Passing shock not related to the source solar activity caused a related increase of particle intensity
2001-11-22,25,900,2.7,2305-2330,2232,15S;034W,2330,2001-11-22 23:30:00,270,1437,4,2001-11-22 22:32:00,2001-11-22 23:30:00,X1,0.0001,58,2001-11-22 22:41:00,2001-11-22 23:30:00,2001-11-23 00:06:00,X1.4,0.000141432,0.441704929,85,49,200111222241,8,2001-11-22 23:05:00,2001-11-22 23:30:00,0,2001-11-22 23:30:05,1437,360,Halo,-15,34,1320,2001-11-23 01:00:00,No clear evidence of Type II burst in dynamic spectra
2001-11-28,20,50,0.002,1630-1650,1626,04N;016E,1730,2001-11-28 17:30:00,90,500,,2001-11-28 16:26:00,2001-11-28 16:35:00,M7,7.00E-05,9,2001-11-28 16:26:00,2001-11-28 16:35:00,2001-11-28 16:41:00,M9.9,9.91E-05,0.040418737,15,9,200111281626,8,2001-11-28 16:30:00,2001-11-28 16:50:00,1,2001-11-28 17:30:06,500,360,Halo,4,-16,,2001-11-28 20:00:00,Event has a slow rise. Passing shock with no particle increase
2001-12-11,14,50,0.001,~0830,,S;120W,954,2001-12-11 09:54:00,100,891,,,,,,,,,,,,,,,,,2001-12-11 08:30:00,,,2001-12-11 09:54:07,891,121,263,,120,,2001-12-11 14:00:00,Event has a slow rise; Southern event; No Type II data available
2001-12-25,22,40,0.0005,~1100,,S;120E,1130,2001-12-25 11:30:00,120,1773,,,,,,,,,,,,,,,,,2001-12-25 11:00:00,,1,2001-12-25 11:30:05,1773,360,Halo,,-120,,2001-12-25 22:00:00,Event has a slow rise; Southern event
2001-12-26,6,500,6.3,0510-0600,432,08N;054W,530,2001-12-26 05:30:00,90,1446,2,2001-12-26 04:32:00,2001-12-26 05:40:00,M7,7.00E-05,68,2001-12-26 04:27:00,2001-12-26 05:40:00,2001-12-26 06:38:00,X1.0,0.000101957,0.465501368,131,73,200112260427,8,2001-12-26 05:10:00,2001-12-26 06:00:00,3,2001-12-26 05:30:05,1446,212,281,8,54,580,2001-12-26 06:00:00,
2001-12-28,24,50,0.21,2000-2040,2002,S;100E,2006,2001-12-28 20:06:00,120,2216,,2001-12-28 20:02:00,2001-12-28 20:45:00,X3,0.0003,43,2001-12-28 19:34:00,2001-12-28 20:45:00,2001-12-28 21:37:00,X4.9,0.000498582,2.060683012,123,71,200112281934,8,2001-12-28 20:00:00,2001-12-28 20:40:00,2,2001-12-28 20:30:05,2216,360,Halo,,-100,870,2001-12-29 00:00:00,Event has a slow rise; Southern event
2002-01-08,24,70,0.004,1805-1840,1814,N;120E,1754,2002-01-08 17:54:00,90,1794,5,2002-01-08 18:14:00,2002-01-08 20:25:00,M1,1.00E-05,131,2002-01-08 18:14:00,2002-01-08 20:25:00,,M1.4,1.43E-05,,,,,,2002-01-08 18:05:00,2002-01-08 18:40:00,,2002-01-08 17:54:05,1794,360,Halo,,-120,900,2002-01-09 00:00:00,Event has a slow rise; Nothern Event; No Type II data available
2002-01-14,8,70,0.05,~0535,529,S;100W,540,2002-01-14 05:40:00,130,1492,3,2002-01-14 05:29:00,2002-01-14 06:27:00,M4,4.00E-05,58,2002-01-14 05:32:00,2002-01-14 06:27:00,2002-01-14 08:24:00,M6.3,6.38E-05,0.483676374,172,55,200201140532,8,2002-01-14 05:35:00,,1,2002-01-14 05:35:07,1492,360,Halo,,100,,2002-01-14 08:00:00,Event has a slow rise; Southern event
2002-01-27,12,90,0.083,~1200,,N;120W,1230,2002-01-27 12:30:00,70,1136,2,,,,,,,,,,,,,,,,2002-01-27 12:00:00,,,2002-01-27 12:30:05,1136,360,Halo,,120,,2002-01-27 12:00:00,Nothern Event; No Type II data available
2002-02-20,6,80,0.09,0555-0630,552,12N;072W,630,2002-02-20 06:30:00,50,952,1,2002-02-20 05:52:00,2002-02-20 06:12:00,M5,5.00E-05,20,2002-02-20 06:05:00,2002-02-20 06:12:00,2002-02-20 06:15:00,M7.3,7.39E-05,0.026524281,10,7,200202200605,8,2002-02-20 05:55:00,2002-02-20 06:30:00,1,2002-02-20 06:30:05,952,360,Halo,12,72,,2002-02-20 06:00:00,
2002-03-10,28,40,0.0003,2240-2300,,S;100E,2304,2002-03-10 23:04:00,130,1429,,,,M2,2.00E-05,,,,,,,,,,,,2002-03-10 22:40:00,2002-03-10 23:00:00,0,2002-03-10 23:06:55,1429,360,Halo,,-100,,2002-03-11 04:00:00,Event has a slow rise; Southern event; No clear evidence of Type II burst in dynamic spectra
2002-03-15,24,70,0.005,2240-0255,2209,08S;003W,2306,2002-03-15 23:06:00,360,911,5,2002-03-15 22:09:00,2002-03-15 23:10:00,M2,2.00E-05,61,2002-03-15 22:06:00,2002-03-15 23:10:00,2002-03-16 00:41:00,M3.1,3.10E-05,0.190979645,155,64,200203152206,8,2002-03-15 22:40:00,2002-03-15 02:55:00,0,2002-03-15 23:06:06,957,360,Halo,-8,3,670,2002-03-16 00:00:00,No clear evidence of Type II burst in dynamic spectra
2002-03-18,4,80,0.028,0215-0220,216,S;100W?,254,2002-03-18 02:54:00,160,989,2,2002-03-18 02:16:00,2002-03-18 02:31:00,M1,1.00E-05,15,2002-03-18 02:09:00,2002-03-18 02:31:00,,M1.4,1.47E-05,,,22,200203180209,8,2002-03-18 02:15:00,2002-03-18 02:20:00,1,2002-03-18 02:54:06,989,360,Halo,,100,710,2002-03-18 04:00:00,Location uncertain; Southern event
2002-03-22,12,60,0.003,1030-1115,1012,S;090W,1106,2002-03-22 11:06:00,130,1750,4,2002-03-22 10:12:00,2002-03-22 11:14:00,M2,2.00E-05,62,2002-03-22 10:12:00,2002-03-22 11:14:00,,M2.8,2.86E-05,,,,,,2002-03-22 10:30:00,2002-03-22 11:15:00,2,2002-03-22 11:06:05,1750,360,Halo,,90,660,2002-03-22 12:00:00,Southern event
2002-04-11,16,70,0.005,1615-1630,1616,15S;033W,1650,2002-04-11 16:50:00,50,540,,2002-04-11 16:16:00,2002-04-11 16:26:00,C9,9.00E-06,10,2002-04-11 16:16:00,2002-04-11 16:26:00,2002-04-11 16:33:00,M1.3,1.33E-05,0.009145027,17,10,200204111616,8,2002-04-11 16:15:00,2002-04-11 16:30:00,2,2002-04-11 16:50:06,540,70,257,-15,33,,2002-04-11 16:00:00,
2002-04-14,12,50,0.002,0725-0735,728,19N;057W,750,2002-04-14 07:50:00,50,757,1,2002-04-14 07:28:00,2002-04-14 07:39:00,M1,1.00E-05,11,2002-04-14 07:26:00,2002-04-14 07:39:00,2002-04-14 07:44:00,M1.3,1.38E-05,0.009230935,18,13,200204140726,8,2002-04-14 07:25:00,2002-04-14 07:35:00,3,2002-04-14 07:50:07,757,76,323,19,57,,2002-04-14 12:00:00,
2002-04-15,3,30,,0250-0255,246,15S;079W,306,2002-04-15 03:06:00,45,674,1,2002-04-15 02:46:00,2002-04-15 02:51:00,M1,1.00E-05,5,2002-04-15 02:46:00,2002-04-15 02:51:00,2002-04-15 02:55:00,M1.4,1.41E-05,0.006060695,9,5,200204150246,8,2002-04-15 02:50:00,2002-04-15 02:55:00,,2002-04-15 03:06:05,674,55,308,-15,79,,2002-04-15 03:00:00,No Type II data available
2002-04-17,8,80,0.09,0750-0900,746,14S;034W,826,2002-04-17 08:26:00,70,1240,4,2002-04-17 07:46:00,2002-04-17 08:24:00,M3,3.00E-05,38,2002-04-17 07:41:00,2002-04-17 08:24:00,2002-04-17 09:58:00,M3.7,3.79E-05,0.214294478,137,43,200204170741,8,2002-04-17 07:50:00,2002-04-17 09:00:00,2,2002-04-17 08:26:05,1240,360,Halo,-14,34,860,2002-04-17 08:00:00,
2002-04-21,0,500,5.4,0112-0215,43,14S;084W,127,2002-04-21 01:27:00,120,2393,4,2002-04-21 00:43:00,2002-04-21 01:51:00,X2,0.0002,68,2002-04-21 00:43:00,2002-04-21 01:51:00,,X2.8,0.00028571,,,,,,2002-04-21 01:12:00,2002-04-21 02:15:00,2,2002-04-21 01:27:20,2393,360,Halo,-14,84,800,2002-04-21 00:00:00,
2002-04-30,25,40,0.003,~2220,,S;120W,2326,2002-04-30 23:26:00,170,1103,,,,,,,,,,,,,,,,,2002-04-30 22:20:00,,,2002-04-30 23:26:05,1103,199,254,,120,,2002-05-01 01:00:00,Event has a slow rise; Southern event; No Type II data available
2002-05-20,15,50,0.002,1525-1535,1521,21S;065E,1550,2002-05-20 15:50:00,30,553,,2002-05-20 15:21:00,2002-05-20 15:27:00,X2,0.0002,6,2002-05-20 15:24:00,2002-05-20 15:27:00,2002-05-20 15:31:00,X3.0,0.00030743,0.098061621,7,3,200205201524,8,2002-05-20 15:25:00,2002-05-20 15:35:00,3,2002-05-20 15:50:05,553,69,141,-21,-65,,2002-05-20 15:00:00,Passing shock with no particle increase
2002-05-22,6,60,0.03,0325-0400,318,22S;053W,350,2002-05-22 03:50:00,120,1557,5,2002-05-22 03:18:00,2002-05-22 03:54:00,C5,5.00E-06,36,2002-05-22 03:28:00,2002-05-22 03:49:00,2002-05-22 04:32:00,C7.1,7.18E-06,0.024830276,64,21,200205220328,8,2002-05-22 03:25:00,2002-05-22 04:00:00,0,2002-05-22 03:50:05,1557,360,Halo,-22,53,1320,2002-05-22 06:00:00,No clear evidence of Type II burst in dynamic spectra
2002-05-30,3,40,0.0005,~0500,424,N;100W,506,2002-05-30 05:06:00,50,1625,1,2002-05-30 04:24:00,2002-05-30 05:32:00,M1,1.00E-05,68,2002-05-30 04:24:00,2002-05-30 05:32:00,,M1.4,1.43E-05,,,,,,2002-05-30 05:00:00,,,2002-05-30 05:06:05,1625,144,271,,100,,2002-05-30 03:00:00,Nothern Event; No Type II data available
2002-07-04,20,39,0.001,~1940,,S;120W,2006,2002-07-04 20:06:00,120,957,,,,,,,,,,,,,,,,,2002-07-04 19:40:00,,0,2002-07-04 20:06:05,957,168,270,,120,,2002-07-04 20:00:00,Southern event; No clear evidence of Type II burst in dynamic spectra
2002-07-07,12,,0.2,~1120,1115,S;095W,1106,2002-07-07 11:06:00,85,1423,3,2002-07-07 11:15:00,2002-07-07 11:43:00,M1,1.00E-05,28,2002-07-07 11:05:00,2002-07-07 11:39:00,2002-07-07 13:23:00,M1.5,1.55E-05,0.09396819,138,34,200207071105,8,2002-07-07 11:20:00,,,2002-07-07 11:30:31,1423,228,277,,95,,2002-07-07 12:00:00,Southern event; No Type II data available
2002-07-09,19,50,0.004,~1830,,S;120W,1931,2002-07-09 19:31:00,110,1076,1,,,,,,,,,,,,,,,,2002-07-09 18:30:00,,,2002-07-09 19:31:48,1076,360,Halo,,120,,2002-07-09 19:00:00,Southern event; No Type II data available
2002-07-15,30,120,0.0001,2000-2005,1959,14N;001E,2045,2002-07-15 20:45:00,100,1151,5,2002-07-15 19:59:00,2002-07-15 20:08:00,X3,0.0003,9,2002-07-15 19:44:00,2002-07-15 20:08:00,2002-07-15 20:14:00,X4.3,0.00043906,0.215773836,30,24,200207151944,8,2002-07-15 20:00:00,2002-07-15 20:05:00,0,2002-07-15 20:30:05,1151,360,Halo,14,-1,960,2002-07-16 06:00:00,Event has a slow rise; No clear evidence of Type II burst in dynamic spectra
2002-07-20,34,90,0.022,2105-2135,2104,S;100E,2206,2002-07-20 22:06:00,120,1941,5,2002-07-20 21:04:00,2002-07-20 21:30:00,X3,0.0003,26,2002-07-20 20:48:00,2002-07-20 21:30:00,2002-07-20 21:54:00,X4.7,0.000473756,1.063069701,66,42,200207202048,8,2002-07-20 21:05:00,2002-07-20 21:35:00,3,2002-07-20 22:06:09,1941,360,Halo,,-100,1300,2002-07-21 10:00:00,Event has a slow rise; Southern event
2002-08-03,19,40,0.0007,1900-1915,1859,16S;076W,1932,2002-08-03 19:32:00,30,1150,1,2002-08-03 18:59:00,2002-08-03 19:07:00,X1,0.0001,8,2002-08-03 18:54:00,2002-08-03 19:07:00,2002-08-03 19:11:00,X1.5,0.000152857,0.050510574,17,13,200208031854,8,2002-08-03 19:00:00,2002-08-03 19:15:00,0,2002-08-03 19:31:49,1150,138,259,-16,76,,2002-08-03 19:00:00,No clear evidence of Type II burst in dynamic spectra
2002-08-05,7,45,0.001,0640-0645,,07S;045W?,732,2002-08-05 07:32:00,20,689,1,,,C2,2.00E-06,,,,,,,,,,,,2002-08-05 06:40:00,2002-08-05 06:45:00,0,2002-08-05 07:31:49,689,43,273,-7,45,,2002-08-05 07:00:00,Location uncertain; No clear evidence of Type II burst in dynamic spectra
2002-08-14,3,70,0.009,0145-0205,147,09N;054W,230,2002-08-14 02:30:00,60,1309,1,2002-08-14 01:47:00,2002-08-14 02:12:00,M2,2.00E-05,25,2002-08-14 01:47:00,2002-08-14 02:12:00,,M2.8,2.86E-05,,,,,,2002-08-14 01:45:00,2002-08-14 02:05:00,3,2002-08-14 02:30:05,1309,133,297,9,54,,2002-08-14 03:00:00,
2002-08-16,7,70,0.004,~0600,546,06N;083W,606,2002-08-16 06:06:00,70,1378,1,2002-08-16 05:46:00,2002-08-16 06:11:00,M3,3.00E-05,25,2002-08-16 05:46:00,2002-08-16 06:11:00,,M4.2,4.29E-05,,,,,,2002-08-16 06:00:00,,2,2002-08-16 06:06:05,1378,162,293,6,83,,2002-08-16 07:00:00,Passing shock not related to the source solar activity caused a related increase of particle intensity
2002-08-16,15,70,0.009,1200-1230,1132,14S;020E,1230,2002-08-16 12:30:00,160,1585,5,2002-08-16 11:32:00,2002-08-16 12:32:00,M5,5.00E-05,60,2002-08-16 11:54:00,2002-08-16 12:32:00,2002-08-16 13:04:00,M7.4,7.49E-05,0.20779115,70,38,200208161154,8,2002-08-16 12:00:00,2002-08-16 12:30:00,2,2002-08-16 12:30:05,1585,360,Halo,-14,-20,770,2002-08-16 15:00:00,Event has a slow rise
2002-08-18,20,90,0.02,2115-2130,2112,12S;019W,2154,2002-08-18 21:54:00,100,682,1,2002-08-18 21:12:00,2002-08-18 21:25:00,M2,2.00E-05,13,2002-08-18 21:12:00,2002-08-18 21:25:00,2002-08-18 21:37:00,M3.2,3.24E-05,0.032577429,25,13,200208182112,8,2002-08-18 21:15:00,2002-08-18 21:30:00,2,2002-08-18 21:54:05,682,140,203,-12,19,,2002-08-18 20:00:00,Passing shock with no particle increase
2002-08-19,10,60,0.017,1030-1035,1028,12S;025W,1106,2002-08-19 11:06:00,80,549,1,2002-08-19 10:28:00,2002-08-19 10:34:00,M3,3.00E-05,6,2002-08-19 10:28:00,2002-08-19 10:34:00,,M4.2,4.29E-05,,,,,,2002-08-19 10:30:00,2002-08-19 10:35:00,0,2002-08-19 11:06:05,549,102,221,-12,25,,2002-08-19 10:00:00,Passing shock with no particle increase; No clear evidence of Type II burst in dynamic spectra
2002-08-20,8,150,0.04,0825-0830,822,10S;038W,854,2002-08-20 08:54:00,40,1099,1,2002-08-20 08:22:00,2002-08-20 08:30:00,M3,3.00E-05,8,2002-08-20 08:22:00,2002-08-20 08:26:00,2002-08-20 08:30:00,M4.5,4.53E-05,0.012680572,8,4,200208200822,8,2002-08-20 08:25:00,2002-08-20 08:30:00,0,2002-08-20 08:54:31,1099,122,237,-10,38,,2002-08-20 08:00:00,Passing shock with no particle increase; No clear evidence of Type II burst in dynamic spectra
2002-08-22,2,120,0.3,0150-0205,147,07S;062W,206,2002-08-22 02:06:00,80,998,2,2002-08-22 01:47:00,2002-08-22 01:57:00,M5,5.00E-05,10,2002-08-22 01:45:00,2002-08-22 01:57:00,2002-08-22 02:05:00,M7.7,7.76E-05,0.050142001,20,12,200208220145,8,2002-08-22 01:50:00,2002-08-22 02:05:00,2,2002-08-22 02:06:06,998,360,Halo,-7,62,,2002-08-22 02:00:00,
2002-08-24,0,900,1.7,0055-0115,49,02S;081W,127,2002-08-24 01:27:00,150,1913,2,2002-08-24 00:49:00,2002-08-24 01:12:00,X3,0.0003,23,2002-08-24 00:44:00,2002-08-24 01:12:00,2002-08-24 01:31:00,X4.5,0.000454286,0.667602837,47,28,200208240044,8,2002-08-24 00:55:00,2002-08-24 01:15:00,2,2002-08-24 01:27:19,1913,360,Halo,-2,81,710,2002-08-24 00:00:00,
2002-09-05,20,120,0.01,1620-1635,1618,09N;028E,1654,2002-09-05 16:54:00,160,1748,5,2002-09-05 16:18:00,2002-09-05 16:46:00,C5,5.00E-06,28,2002-09-05 16:21:00,2002-09-05 17:06:00,2002-09-05 17:37:00,C7.3,7.37E-06,0.023585485,76,45,200209051621,8,2002-09-05 16:20:00,2002-09-05 16:35:00,2,2002-09-05 16:54:06,1748,360,Halo,9,-28,880,2002-09-05 20:00:00,Event has a slow rise
2002-09-24,11,50,0.0009,1130-1135,,S;120W,1130,2002-09-24 11:30:00,20,1104,1,,,,,,,,,,,,,,,,2002-09-24 11:30:00,2002-09-24 11:35:00,0,2002-09-24 11:30:05,1104,62,277,,120,,2002-09-24 11:00:00,Southern event; No clear evidence of Type II burst in dynamic spectra
2002-09-27,2,50,0.001,0125-0130,118,S;095W,154,2002-09-27 01:54:00,40,1502,1,2002-09-27 01:18:00,2002-09-27 01:48:00,C5,5.00E-06,30,2002-09-27 01:17:00,2002-09-27 01:48:00,2002-09-27 02:36:00,C7.2,7.24E-06,0.025385914,79,31,200209270117,8,2002-09-27 01:25:00,2002-09-27 01:30:00,,2002-09-27 01:54:05,1502,59,231,,95,,2002-09-27 02:00:00,Southern event; No Type II data available
2002-10-20,14,30,0.0004,1410-1415,1410,13S;063W,1430,2002-10-20 14:30:00,10,1011,1,2002-10-20 14:10:00,2002-10-20 14:13:00,C7,7.00E-06,3,2002-10-20 14:10:00,2002-10-20 14:13:00,2002-10-20 14:16:00,C9.5,9.50E-06,0.003947143,6,3,200210201410,8,2002-10-20 14:10:00,2002-10-20 14:15:00,2,2002-10-20 14:30:05,1011,20,247,-13,63,,2002-10-20 14:00:00,
2002-11-09,15,70,0.2,1305-1405,1308,12S;029W,1331,2002-11-09 13:31:00,90,1838,4,2002-11-09 13:08:00,2002-11-09 13:23:00,M5,5.00E-05,15,2002-11-09 13:03:00,2002-11-09 13:23:00,2002-11-09 13:36:00,M6.5,6.59E-05,0.072180003,33,20,200211091303,8,2002-11-09 13:05:00,2002-11-09 14:05:00,2,2002-11-09 13:31:45,1838,360,Halo,-12,29,900,2002-11-09 15:00:00,
2002-11-24,20,40,3.00E-05,2005-2010,2014,17N;034E,2030,2002-11-24 20:30:00,120,1077,5,2002-11-24 20:14:00,2002-11-24 20:29:00,C6,6.00E-06,15,2002-11-24 20:08:00,2002-11-24 20:29:00,2002-11-24 20:58:00,C9.1,9.19E-06,0.018937543,50,21,200211242008,8,2002-11-24 20:05:00,2002-11-24 20:10:00,1,2002-11-24 20:30:05,1077,360,Halo,17,-34,,2002-11-24 20:00:00,Event has a slow rise. Passing shock not related to the source solar activity caused a related increase of particle intensity
2002-12-19,22,120,0.04,2140-2200,2134,15N;009W,2206,2002-12-19 22:06:00,120,1092,1,2002-12-19 21:34:00,2002-12-19 21:53:00,M3,3.00E-05,19,2002-12-19 21:29:00,2002-12-19 21:53:00,2002-12-19 22:17:00,M3.8,3.87E-05,0.070433319,48,24,200212192129,8,2002-12-19 21:40:00,2002-12-19 22:00:00,3,2002-12-19 22:06:05,1092,360,Halo,15,9,,2002-12-19 22:00:00,
2002-12-22,3,30,0.0009,0255-0300,214,23N;042W,330,2002-12-22 03:30:00,80,1071,,2002-12-22 02:14:00,2002-12-22 02:52:00,M1,1.00E-05,38,2002-12-22 02:22:00,2002-12-22 02:52:00,2002-12-22 03:11:00,M1.6,1.67E-05,0.031601999,49,30,200212220222,8,2002-12-22 02:55:00,2002-12-22 03:00:00,2,2002-12-22 03:30:11,1071,272,328,23,42,850,2002-12-22 03:00:00,Event has a slow rise
2003-03-17,19,40,0.003,1900-1905,1850,14S;039W,1954,2003-03-17 19:54:00,50,1020,1,2003-03-17 18:50:00,2003-03-17 19:05:00,X2,0.0002,15,2003-03-17 18:50:00,2003-03-17 19:05:00,,X2.8,0.00028571,,,,,,2003-03-17 19:00:00,2003-03-17 19:05:00,0,2003-03-17 19:54:06,1020,96,291,-14,39,,2003-03-17 19:00:00,Passing shock not related to the source solar activity caused a related increase of particle intensity; No clear evidence of Type II burst in dynamic spectra
2003-03-18,14,60,0.004,1215-1220,1157,09S;046W,1354,2003-03-18 13:54:00,80,1601,1,2003-03-18 11:57:00,2003-03-18 12:14:00,X2,0.0002,17,2003-03-18 11:57:00,2003-03-18 12:14:00,,X2.8,0.00028571,,,,,,2003-03-18 12:15:00,2003-03-18 12:20:00,2,,,,,-9,46,,2003-03-18 14:00:00,Passing shock not related to the source solar activity caused a related increase of particle intensity
2003-04-07,8,40,0.001,~0930,925,10S;088W,950,2003-04-07 09:50:00,40,217,1,2003-04-07 09:25:00,2003-04-07 10:30:00,B7,7.00E-07,65,2003-04-07 10:17:00,2003-04-07 10:30:00,2003-04-07 10:32:00,C1.0,1.05E-06,0.001115571,15,13,200304071017,8,2003-04-07 09:30:00,,0,2003-04-07 09:50:06,719,69,272,-10,88,,2003-04-07 08:00:00,Event has a slow rise; No clear evidence of Type II burst in dynamic spectra
2003-04-21,17,70,0.002,1300-1315,1302,16N;002E,1336,2003-04-21 13:36:00,120,784,1,2003-04-21 13:02:00,2003-04-21 13:15:00,M3,3.00E-05,13,2003-04-21 12:51:00,2003-04-21 13:07:00,2003-04-21 13:14:00,M4.1,4.14E-05,0.023013443,23,16,200304211251,10,2003-04-21 13:00:00,2003-04-21 13:15:00,3,2003-04-21 13:36:05,784,163,296,16,-2,,2003-04-21 17:00:00,
2003-04-23,0,75,0.007,0100-0115,45,22N;025W,127,2003-04-23 01:27:00,70,916,,2003-04-23 00:45:00,2003-04-23 01:02:00,M5,5.00E-05,17,2003-04-23 00:56:00,2003-04-23 01:06:00,2003-04-23 01:14:00,M7.3,7.40E-05,0.047336053,18,10,200304230056,10,2003-04-23 01:00:00,2003-04-23 01:15:00,2,2003-04-23 01:27:14,916,248,271,22,25,,2003-04-23 00:00:00,
2003-04-24,12,65,0.008,~1300,1245,21N;039W,1327,2003-04-24 13:27:00,45,609,,2003-04-24 12:45:00,2003-04-24 12:53:00,M3,3.00E-05,8,2003-04-24 12:43:00,2003-04-24 12:53:00,2003-04-24 13:03:00,M4.8,4.84E-05,0.029764397,20,10,200304241243,10,2003-04-24 13:00:00,,2,2003-04-24 13:27:14,609,242,317,21,39,,2003-04-24 12:00:00,
2003-04-25,18,50,0.0005,0525-0540,523,16N;066E,550,2003-04-25 05:50:00,90,806,,2003-04-25 05:23:00,2003-04-25 05:40:00,M1,1.00E-05,17,2003-04-25 05:23:00,2003-04-25 05:40:00,,M1.4,1.43E-05,,,,,,2003-04-25 05:25:00,2003-04-25 05:40:00,2,2003-04-25 05:50:05,806,235,81,16,-66,,2003-04-25 18:00:00,Event has a slow rise
2003-05-27,22,70,0.0003,2255-2310,2256,07S;017W,2350,2003-05-27 23:50:00,360,964,1,2003-05-27 22:56:00,2003-05-27 23:07:00,X1,0.0001,11,2003-05-27 22:56:00,2003-05-27 23:07:00,,X1.4,0.00014286,,,,,,2003-05-27 22:55:00,2003-05-27 23:10:00,3,2003-05-27 23:50:05,964,360,Halo,-7,17,,2003-05-27 22:00:00,Passing shock not related to the source solar activity caused a related increase of particle intensity
2003-05-28,0,120,0.04,0020-0035,17,06S;020W,127,2003-05-28 01:27:00,220,1366,1,2003-05-28 00:17:00,2003-05-28 00:27:00,X4,0.0004,10,2003-05-28 00:17:00,2003-05-28 00:27:00,2003-05-28 00:39:00,X5.1,0.000517143,0.411840022,22,10,200305280017,12,2003-05-28 00:20:00,2003-05-28 00:35:00,0,2003-05-28 00:50:05,1366,360,Halo,-6,20,1000,2003-05-28 00:00:00,No clear evidence of Type II burst in dynamic spectra
2003-05-31,3,120,0.2,0225-0230,213,07S;065W,230,2003-05-31 02:30:00,150,1835,1,2003-05-31 02:13:00,2003-05-31 02:24:00,M9,9.00E-05,11,2003-05-31 02:07:00,2003-05-31 02:24:00,2003-05-31 02:40:00,X1.3,0.000133,0.125345066,33,17,200305310207,12,2003-05-31 02:25:00,2003-05-31 02:30:00,3,2003-05-31 02:30:19,1835,360,Halo,-7,65,,2003-05-31 03:00:00,
2003-06-15,24,30,0.0001,2345-2400,2325,07S;080E,2354,2003-06-15 23:54:00,130,2053,5,2003-06-15 23:25:00,2003-06-15 23:56:00,X1,0.0001,31,2003-06-15 23:25:00,2003-06-15 23:56:00,,X1.4,0.00014286,,,,,,2003-06-15 23:45:00,,2,2003-06-15 23:54:05,2053,360,Halo,-7,-80,730,2003-06-16 00:00:00,Event has a slow rise
2003-07-10,14,30,0.0003,1355-1400,1354,13N;091W,<1633,,,877,1,2003-07-10 13:54:00,2003-07-10 14:12:00,M4,4.00E-05,18,2003-07-10 13:53:00,2003-07-10 14:12:00,2003-07-10 14:23:00,M5.2,5.23E-05,0.060092885,30,19,200307101353,12,2003-07-10 13:55:00,2003-07-10 14:00:00,3,,,,,13,91,,2003-07-10 14:00:00,CDAW CME Width data gap
2003-07-17,11,30,0.0002,0820-0840,,15N;020E,854,2003-07-17 08:54:00,360,531,1,,,M1,1.00E-05,,,,,,,,,,,,2003-07-17 08:20:00,2003-07-17 08:40:00,2,2003-07-17 08:54:05,531,298,141,15,-20,,2003-07-17 11:00:00,
2003-08-19,3,50,0.001,0755-0800,738,12S;064W,830,2003-08-19 08:30:00,40,412,1,2003-08-19 07:38:00,2003-08-19 07:59:00,M2,2.00E-05,21,2003-08-19 07:54:00,2003-08-19 07:59:00,2003-08-19 08:01:00,M2.9,2.99E-05,0.007630936,7,5,200308190754,12,2003-08-19 07:55:00,2003-08-19 08:00:00,2,2003-08-19 08:30:31,412,35,257,-12,64,,2003-08-19 08:00:00,
2003-10-21,9,40,0.0008,0350-0400,,S;100E,354,2003-10-21 03:54:00,120,1484,5,,,,,,,,,,,,,,,,2003-10-21 03:50:00,2003-10-21 04:00:00,3,2003-10-21 03:54:05,1484,360,Halo,,-100,,2003-10-21 09:00:00,Event has a slow rise. Passing shock not related to the source solar activity caused a related increase of particle intensity; Southern event
2003-10-26,7,70,0.0006,0645-0700,557,15S;044E,654,2003-10-26 06:54:00,70,1371,,2003-10-26 05:57:00,2003-10-26 06:54:00,X1,0.0001,57,2003-10-26 05:57:00,2003-10-26 06:54:00,,X1.4,0.00014286,,,,,,2003-10-26 06:45:00,2003-10-26 07:00:00,3,2003-10-26 06:54:30,1371,207,108,-15,-44,,2003-10-26 07:00:00,Passing shock not related to the source solar activity caused a related increase of particle intensity
2003-10-26,18,150,3.5,1735-1805,1703,02N;038W,1754,2003-10-26 17:54:00,130,1537,4,2003-10-26 17:03:00,2003-10-26 18:01:00,X1,0.0001,58,2003-10-26 17:03:00,2003-10-26 18:01:00,,X1.4,0.00014286,,,,,,2003-10-26 17:35:00,2003-10-26 18:05:00,2,2003-10-26 17:54:05,1537,171,270,2,38,1330,2003-10-26 18:00:00,
2003-10-28,12,900,40,1105-1120,951,16S;008E,1054,2003-10-28 10:54:00,360,2459,4,2003-10-28 09:51:00,2003-10-28 11:10:00,X17,0.0017,79,2003-10-28 10:58:00,2003-10-28 11:10:00,2003-10-28 11:23:00,X24.6,0.002460738,2.40214777,25,12,200310281058,12,2003-10-28 11:05:00,2003-10-28 11:20:00,2,2003-10-28 11:30:05,2459,360,Halo,-16,-8,2200,2003-10-28 12:00:00,
2003-10-29,22,900,31,2035-2050,2037,15S;002W,2054,2003-10-29 20:54:00,360,2029,4,2003-10-29 20:37:00,2003-10-29 20:49:00,X10,0.001,12,2003-10-29 20:25:00,2003-10-29 20:49:00,2003-10-29 21:01:00,X14.3,0.001436126,1.294793129,36,24,200310292025,12,2003-10-29 20:35:00,2003-10-29 20:50:00,3,2003-10-29 20:54:05,2029,360,Halo,-15,2,2100,2003-10-29 22:00:00,
2003-11-02,10,90,0.2,0920-0930,,S;120W,930,2003-11-02 09:30:00,120,2036,4,,,,,,,,,,,,,,,,2003-11-02 09:20:00,2003-11-02 09:30:00,1,2003-11-02 09:30:05,2036,360,Halo,,120,,2003-11-02 10:00:00,Passing shock not related to the source solar activity caused a related increase of particle intensity; Southern event
2003-11-02,18,900,20,1715-1735,1703,14S;056W,1730,2003-11-02 17:30:00,130,2598,4,2003-11-02 17:03:00,2003-11-02 17:25:00,X8,0.0008,22,2003-11-02 16:59:00,2003-11-02 17:25:00,2003-11-02 17:39:00,X11.9,0.001196287,1.329349279,40,26,200311021659,12,2003-11-02 17:15:00,2003-11-02 17:35:00,2,2003-11-02 17:30:05,2598,360,Halo,-14,56,1130,2003-11-02 18:00:00,
2003-11-04,21,100,0.7,1935-2000,1929,19S;083W,1954,2003-11-04 19:54:00,130,2657,4,2003-11-04 19:29:00,2003-11-04 19:50:00,X28,0.0028,21,2003-11-04 19:29:00,2003-11-04 19:50:00,,X40.0,0.004,,,,,,2003-11-04 19:35:00,2003-11-04 20:00:00,3,2003-11-04 19:54:05,2657,360,Halo,-19,83,880,2003-11-04 21:00:00,
2003-11-07,16,,0.04,dg 1500?,1500,S;110W,1554,2003-11-07 15:54:00,,2237,,2003-11-07 15:00:00,2003-11-07 17:20:00,B5,5.00E-07,140,2003-11-07 15:54:00,2003-11-07 17:26:00,2003-11-07 19:15:00,B6.6,6.69E-07,0.006736356,201,92,200311071554,12,,,,2003-11-07 15:54:05,2237,360,Halo,,110,,2003-11-07 16:00:00,CDAW CME Width data gap; Southern event; No Type II data available
2003-11-18,11,50,0.004,0725-0745,723,00S;018E,806,2003-11-18 08:06:00,80,1223,1,2003-11-18 07:23:00,2003-11-18 07:52:00,M3,3.00E-05,29,2003-11-18 07:18:00,2003-11-18 07:52:00,2003-11-18 08:06:00,M4.6,4.62E-05,0.074777484,48,34,200311180718,12,2003-11-18 07:25:00,2003-11-18 07:45:00,3,2003-11-18 08:06:05,1223,104,144,0,-18,,2003-11-18 11:00:00,Passing shock not related to the source solar activity caused a related increase of particle intensity
2003-11-20,7,90,0.02,0735-0745,735,03N;008W,806,2003-11-20 08:06:00,90,669,1,2003-11-20 07:35:00,2003-11-20 07:47:00,X1,0.0001,12,2003-11-20 07:35:00,2003-11-20 07:47:00,2003-11-20 07:53:00,X1.3,0.000137651,0.089565024,18,12,200311200735,12,2003-11-20 07:35:00,2003-11-20 07:45:00,0,2003-11-20 08:06:05,669,360,Halo,3,8,,2003-11-20 07:00:00,Passing shock not related to the source solar activity caused a related increase of particle intensity; No clear evidence of Type II burst in dynamic spectra
2003-12-02,12,70,0.1,~1015,1000,S;095W,1026,2003-12-02 10:26:00,100,1393,3,2003-12-02 10:00:00,,C8,8.00E-06,,2003-12-02 09:08:00,2003-12-02 09:48:00,2003-12-02 10:00:00,M1.0,1.03E-05,0.015075211,52,40,200312020908,12,2003-12-02 10:15:00,,,2003-12-02 10:50:05,1393,150,261,,95,,2003-12-02 12:00:00,Southern event; No Type II data available
2003-12-31,18,60,0.0008,1825-1830,,...;099W,,,,,1,,,M1,1.00E-05,,,,,,,,,,,,2003-12-31 18:25:00,2003-12-31 18:30:00,,,,,,,99,,2003-12-31 18:00:00,CDAW CME First Look Time data gap. CDAW CME Width data gap. CDAW CME Speed data gap; No Type II data available
2004-01-07,14,50,0.0003,1015-1025,1014,02N;069E,1030,2004-01-07 10:30:00,70,1822,,2004-01-07 10:14:00,2004-01-07 10:27:00,M8,8.00E-05,13,2004-01-07 10:14:00,2004-01-07 10:27:00,2004-01-07 10:33:00,X1.1,0.000118589,0.071936548,19,13,200401071014,12,2004-01-07 10:15:00,2004-01-07 10:25:00,2,2004-01-07 10:30:29,1822,182,81,2,-69,,2004-01-07 14:00:00,Event has a slow rise
2004-02-04,11,60,0.002,1115-1120,1112,07S;049W,1154,2004-02-04 11:54:00,20,764,1,2004-02-04 11:12:00,2004-02-04 11:18:00,M1,1.00E-05,6,2004-02-04 11:12:00,2004-02-04 11:18:00,2004-02-04 11:22:00,M1.4,1.42E-05,0.004906328,10,6,200402041112,12,2004-02-04 11:15:00,2004-02-04 11:20:00,3,2004-02-04 11:54:05,764,33,274,-7,49,,2004-02-04 11:00:00,
2004-04-11,5,120,0.11,0400-0425,354,16S;046W,430,2004-04-11 04:30:00,90,1645,2,2004-04-11 03:54:00,2004-04-11 04:19:00,M1,1.00E-05,25,2004-04-11 03:52:00,2004-04-11 04:19:00,2004-04-11 04:35:00,M1.3,1.39E-05,0.019577013,43,27,200404110352,12,2004-04-11 04:00:00,2004-04-11 04:25:00,0,2004-04-11 04:30:06,1645,314,203,-16,46,1100,2004-04-11 05:00:00,No clear evidence of Type II burst in dynamic spectra
2004-06-04,10,50,0.0006,0730-0735,,N;120W,750,2004-06-04 07:50:00,100,1306,1,,,,,,,,,,,,,,,,2004-06-04 07:30:00,2004-06-04 07:35:00,2,2004-06-04 07:50:05,1306,273,309,,120,,2004-06-04 10:00:00,Event has a slow rise; Nothern Event
2004-07-13,1,70,0.008,0015-0035,9,14N;059W,54,2004-07-13 00:54:00,60,409,,2004-07-13 00:09:00,2004-07-13 00:17:00,M7,7.00E-05,8,2004-07-13 00:05:00,2004-07-13 00:17:00,2004-07-13 00:23:00,M9.7,9.71E-05,0.04410959,18,12,200407130005,12,2004-07-13 00:15:00,2004-07-13 00:35:00,2,2004-07-13 00:54:05,409,201,253,14,59,,2004-07-13 01:00:00,
2004-07-22,12,120,0.008,0740-0745,741,04N;010E,830,2004-07-22 08:30:00,50,899,1,2004-07-22 07:41:00,2004-07-22 07:59:00,C5,5.00E-06,18,2004-07-22 07:39:00,2004-07-22 07:59:00,2004-07-22 08:08:00,C7.6,7.63E-06,0.008525425,29,20,200407220739,12,2004-07-22 07:40:00,2004-07-22 07:45:00,0,2004-07-22 08:30:05,899,132,193,4,-10,,2004-07-22 12:00:00,Event has a slow rise. Passing shock not related to the source solar activity caused a related increase of particle intensity; No clear evidence of Type II burst in dynamic spectra
2004-07-25,16,120,0.2,1440-1505,1419,04N;033W,1454,2004-07-25 14:54:00,130,1333,5,2004-07-25 14:19:00,2004-07-25 15:14:00,M2,2.00E-05,55,2004-07-25 14:19:00,2004-07-25 15:14:00,,M2.8,2.86E-05,,,,,,2004-07-25 14:40:00,2004-07-25 15:05:00,1,2004-07-25 14:54:05,1333,360,Halo,4,33,1300,2004-07-25 16:00:00,
2004-07-29,23,60,0.005,~1225,1142,14S;083W,1206,2004-07-29 12:06:00,60,1180,5,2004-07-29 11:42:00,2004-07-29 13:04:00,C2,2.00E-06,82,2004-07-29 11:42:00,2004-07-29 13:04:00,,C2.8,2.86E-06,,,,,,2004-07-29 12:25:00,,0,2004-07-29 12:06:05,1180,360,Halo,-14,83,,2004-07-29 23:00:00,Event has a slow rise. Passing shock not related to the source solar activity caused a related increase of particle intensity; No clear evidence of Type II burst in dynamic spectra
2004-07-31,27,60,0.02,~0615,516,S;095W,554,2004-07-31 05:54:00,100,1192,,2004-07-31 05:16:00,2004-07-31 06:57:00,C8,8.00E-06,101,2004-07-31 05:27:00,2004-07-31 06:57:00,,M1.2,1.21E-05,,,90,200407310527,12,2004-07-31 06:15:00,,0,2004-07-31 05:54:05,1192,197,259,,95,,2004-08-01 03:00:00,Event has a slow rise. Passing shock not related to the source solar activity caused a related increase of particle intensity; Southern event; No clear evidence of Type II burst in dynamic spectra
2004-08-30,3,30,4.00E-05,0305-0310,304,07N;072W,354,2004-08-30 03:54:00,40,362,1,2004-08-30 03:04:00,2004-08-30 03:11:00,C2,2.00E-06,7,2004-08-30 03:04:00,2004-08-30 03:11:00,,C2.8,2.86E-06,,,,,,2004-08-30 03:05:00,2004-08-30 03:10:00,3,2004-08-30 03:54:05,362,100,269,7,72,,2004-08-30 03:00:00,
2004-09-02,26,55,0.0007,2355-0005,,S;120W,30,2004-09-02 00:30:00,360,751,,,,,,,,,,,,,,,,,2004-09-02 23:55:00,2004-09-02 00:05:00,,,,,,,120,,2004-09-03 02:00:00,Southern event; No Type II data available
2004-09-12,4,50,0.005,0025-0100,4,04N;042E,36,2004-09-12 00:36:00,140,1328,5,2004-09-12 00:04:00,2004-09-12 00:56:00,M5,5.00E-05,52,2004-09-11 23:57:00,2004-09-12 00:56:00,2004-09-12 01:33:00,M6.9,6.94E-05,0.20985502,96,59,200409112357,12,2004-09-12 00:25:00,2004-09-12 01:00:00,2,2004-09-12 00:36:06,1328,360,Halo,4,-42,960,2004-09-12 04:00:00,Event has a slow rise
2004-09-19,18,60,0.4,1650-1720,1646,03N;058W,,,,,4,2004-09-19 16:46:00,2004-09-19 17:12:00,M2,2.00E-05,26,2004-09-19 16:40:00,2004-09-19 17:12:00,2004-09-19 17:39:00,M2.8,2.82E-05,0.056400273,59,32,200409191640,12,2004-09-19 16:50:00,2004-09-19 17:20:00,2,,,,,3,58,690,2004-09-19 18:00:00,CDAW CME First Look Time data gap. CDAW CME Width data gap. CDAW CME Speed data gap
2004-10-30,7,60,0.008,0610-0615,608,14N;042W,654,2004-10-30 06:54:00,90,422,1,2004-10-30 06:08:00,2004-10-30 06:18:00,M4,4.00E-05,10,2004-10-30 06:06:00,2004-10-30 06:18:00,2004-10-30 06:22:00,M6.0,6.05E-05,0.024111722,16,12,200410300606,12,2004-10-30 06:10:00,2004-10-30 06:15:00,3,2004-10-30 06:54:05,422,360,Halo,14,42,,2004-10-30 07:00:00,
2004-10-30,13,60,0.002,1140-1145,1138,12N;026W,1230,2004-10-30 12:30:00,90,427,1,2004-10-30 11:38:00,2004-10-30 11:46:00,X1,0.0001,8,2004-10-30 11:38:00,2004-10-30 11:46:00,,X1.4,0.00014286,,,,,,2004-10-30 11:40:00,2004-10-30 11:45:00,0,2004-10-30 12:30:06,427,360,Halo,12,26,,2004-10-30 13:00:00,No clear evidence of Type II burst in dynamic spectra
2004-10-30,17,60,0.01,1625-1630,1618,13N;028W,1654,2004-10-30 16:54:00,90,690,1,2004-10-30 16:18:00,2004-10-30 16:33:00,M6,6.00E-05,15,2004-10-30 16:13:00,2004-10-30 16:33:00,2004-10-30 16:37:00,M8.4,8.44E-05,0.042293284,24,20,200410301613,12,2004-10-30 16:25:00,2004-10-30 16:30:00,,2004-10-30 16:54:05,690,360,Halo,13,28,,2004-10-30 17:00:00,No Type II data available
2004-11-01,7,120,1.3,~0600,,S;120W,606,2004-11-01 06:06:00,115,925,2,,,,,,,,,,,,,,,,2004-11-01 06:00:00,,0,2004-11-01 06:06:05,925,146,266,,120,,2004-11-01 07:00:00,Southern event; No clear evidence of Type II burst in dynamic spectra
2004-11-04,29,90,0.0002,2255-2305,2253,11N;019E,2330,2004-11-04 23:30:00,140,1055,5,2004-11-04 22:53:00,2004-11-04 23:09:00,M5,5.00E-05,16,2004-11-04 22:50:00,2004-11-04 23:09:00,2004-11-04 23:27:00,M7.8,7.81E-05,0.133444011,37,19,200411042250,12,2004-11-04 22:55:00,2004-11-04 23:05:00,0,2004-11-04 23:30:05,1055,293,338,11,-19,720,2004-11-05 05:00:00,Event has a slow rise; No clear evidence of Type II burst in dynamic spectra
2004-11-07,17,200,1,1600-1650,1542,09N;017W,1654,2004-11-07 16:54:00,150,1759,4,2004-11-07 15:42:00,2004-11-07 16:06:00,X2,0.0002,24,2004-11-07 15:38:00,2004-11-07 16:06:00,2004-11-07 16:15:00,X2.9,0.000291495,0.291134864,37,28,200411071538,12,2004-11-07 16:00:00,2004-11-07 16:50:00,1,2004-11-07 16:54:05,1759,360,Halo,9,17,830,2004-11-07 17:00:00,
2004-11-09,19,200,0.2,1700-1720,1659,07N;051W,1726,2004-11-09 17:26:00,130,2000,4,2004-11-09 16:59:00,2004-11-09 17:19:00,M9,9.00E-05,20,2004-11-09 16:55:00,2004-11-09 17:19:00,2004-11-09 17:32:00,X1.2,0.000128286,0.137660399,37,24,200411091655,12,2004-11-09 17:00:00,2004-11-09 17:20:00,1,2004-11-09 17:26:06,2000,360,Halo,7,51,,2004-11-09 19:00:00,Passing shock not related to the source solar activity caused a related increase of particle intensity
2004-11-10,3,500,1.1,0210-0220,159,09N;049W,226,2004-11-10 02:26:00,120,2000,4,2004-11-10 01:59:00,2004-11-10 02:13:00,X3,0.0003,14,2004-11-10 01:59:00,2004-11-10 02:13:00,,X4.2,0.00042857,,,,,,2004-11-10 02:10:00,2004-11-10 02:20:00,3,2004-11-10 02:26:05,3387,360,Halo,9,49,1080,2004-11-10 03:00:00,
2004-12-02,27,70,0.028,2350-0005,2349,09N;003E,26,2004-12-02 00:26:00,360,1216,5,2004-12-02 23:49:00,2004-12-03 00:11:00,M2,2.00E-05,22,2004-12-02 23:49:00,2004-12-03 00:11:00,,M2.8,2.86E-05,,,,,,2004-12-02 23:50:00,2004-12-02 00:05:00,3,,,,,9,-3,760,2004-12-03 03:00:00,Event has a slow rise
2005-01-14,11,50,0.0002,1005-1020,1008,06S;004E,1130,2005-01-14 11:30:00,20,396,1,2005-01-14 10:08:00,2005-01-14 10:28:00,C9,9.00E-06,20,2005-01-14 10:06:00,2005-01-14 10:15:00,2005-01-14 10:26:00,M1.2,1.22E-05,0.009008422,20,9,200501141006,12,2005-01-14 10:05:00,2005-01-14 10:20:00,0,2005-01-14 11:30:05,396,31,239,-6,-4,,2005-01-14 11:00:00,No clear evidence of Type II burst in dynamic spectra
2005-01-15,6,120,0.07,0605-0630,554,11N;006E,630,2005-01-15 06:30:00,90,2049,3,2005-01-15 05:54:00,2005-01-15 06:38:00,M9,9.00E-05,44,2005-01-15 05:49:00,2005-01-15 06:38:00,2005-01-15 07:17:00,X1.2,0.000123653,0.415719926,88,49,200501150549,12,2005-01-15 06:05:00,2005-01-15 06:30:00,2,2005-01-15 06:30:05,2049,360,Halo,11,-6,,2005-01-15 06:00:00,
2005-01-15,23,120,0.6,2230-2305,2224,15N;005W,654,2005-01-15 23:06:50,130,2861,4,2005-01-15 22:24:00,2005-01-15 23:06:00,X3,0.0003,42,2005-01-15 22:23:00,2005-01-15 23:02:00,2005-01-15 23:31:00,X3.7,0.000378722,0.913122237,68,39,200501152223,12,2005-01-15 22:30:00,2005-01-15 23:05:00,3,2005-01-15 23:06:50,2861,360,Halo,15,5,1200,2005-01-15 23:00:00,
2005-01-17,10,200,36,0905-0955,659,15N;025W,930,2005-01-17 09:30:00,110,2094,4,2005-01-17 06:59:00,2005-01-17 09:52:00,X4,0.0004,173,2005-01-17 09:06:00,2005-01-17 09:52:00,2005-01-17 10:04:00,X5.5,0.000551899,0.9855479,58,46,200501170906,12,2005-01-17 09:05:00,2005-01-17 09:55:00,3,2005-01-17 09:30:05,2094,360,Halo,15,25,1170,2005-01-17 10:00:00,
2005-01-20,6,900,30,0645-0705,636,14N;061W,654,2005-01-20 06:54:00,80,2500,2,2005-01-20 06:36:00,2005-01-20 07:01:00,X7,0.0007,25,2005-01-20 05:56:00,2005-01-20 07:01:00,2005-01-20 07:26:00,X10.1,0.00101777,1.922319651,90,65,200501200556,12,2005-01-20 06:45:00,2005-01-20 07:05:00,3,2005-01-20 06:54:05,882,360,Halo,14,61,1210,2005-01-20 06:00:00,CDAW CME catalog comment: Poor Event; Only 3 points
2005-05-06,3,40,0.003,0305-0315,305,04S;071W,330,2005-05-06 03:30:00,20,1120,1,2005-05-06 03:05:00,2005-05-06 03:14:00,C9,9.00E-06,9,2005-05-06 03:05:00,2005-05-06 03:14:00,2005-05-06 03:21:00,M1.3,1.34E-05,0.008831854,16,9,200505060305,12,2005-05-06 03:05:00,2005-05-06 03:15:00,0,2005-05-06 03:30:05,1120,109,280,-4,71,,2005-05-06 03:00:00,Passing shock not related to the source solar activity caused a related increase of particle intensity; No clear evidence of Type II burst in dynamic spectra
2005-05-06,12,40,0.003,1115-1130,1111,04S;076W,1154,2005-05-06 11:54:00,30,1144,1,2005-05-06 11:11:00,2005-05-06 11:28:00,M1,1.00E-05,17,2005-05-06 11:11:00,2005-05-06 11:28:00,,M1.4,1.43E-05,,,,,,2005-05-06 11:15:00,2005-05-06 11:30:00,0,2005-05-06 11:54:28,1144,129,277,-4,76,,2005-05-06 12:00:00,Passing shock not related to the source solar activity caused a related increase of particle intensity; No clear evidence of Type II burst in dynamic spectra
2005-05-11,20,60,0.005,1925-1930,1922,10S;055W,2013,2005-05-11 20:13:00,70,550,,2005-05-11 19:22:00,2005-05-11 19:38:00,M1,1.00E-05,16,2005-05-11 19:14:00,2005-05-11 19:38:00,2005-05-11 19:55:00,M1.6,1.64E-05,0.023996817,41,24,200505111914,12,2005-05-11 19:25:00,2005-05-11 19:30:00,2,2005-05-11 20:13:08,550,360,Halo,-10,55,,2005-05-11 20:00:00,
2005-05-13,17,80,0.02,1640-1700,1613,12N;011E,1722,2005-05-13 17:22:00,360,1689,5,2005-05-13 16:13:00,2005-05-13 16:57:00,M8,8.00E-05,44,2005-05-13 16:24:00,2005-05-13 16:57:00,2005-05-13 17:28:00,X1.1,0.000114937,0.252922982,64,33,200505131624,12,2005-05-13 16:40:00,2005-05-13 17:00:00,2,2005-05-13 17:12:05,1689,360,Halo,12,-11,1270,2005-05-13 17:00:00,
2005-05-31,16,50,0.0005,1435-1440,1433,12N;022W,1532,2005-05-31 15:32:00,30,313,,2005-05-31 14:33:00,2005-05-31 14:42:00,C2,2.00E-06,9,2005-05-31 14:33:00,2005-05-31 14:42:00,,C2.8,2.86E-06,,,,,,2005-05-31 14:35:00,2005-05-31 14:40:00,2,2005-05-31 15:32:10,313,134,289,12,22,,2005-05-31 16:00:00,
2005-06-03,29,40,5.00E-05,~1200,1151,15N;090E,1232,2005-06-03 12:32:00,80,1679,,2005-06-03 11:51:00,2005-06-03 12:26:00,M1,1.00E-05,35,2005-06-03 11:59:00,2005-06-03 12:26:00,2005-06-03 12:44:00,M1.4,1.46E-05,0.025398739,45,27,200506031159,12,2005-06-03 12:00:00,,2,2005-06-03 12:32:10,1679,360,Halo,15,-90,,2005-06-04 05:00:00,Event has a slow rise
2005-06-14,6,30,0.0007,0505-0520,654,10N;048W,724,2005-06-14 07:24:00,100,791,,2005-06-14 06:54:00,2005-06-14 07:30:00,C4,4.00E-06,36,2005-06-14 06:48:00,2005-06-14 07:30:00,2005-06-14 07:56:00,C6.1,6.14E-06,0.014065641,68,42,200506140648,12,2005-06-14 05:05:00,2005-06-14 05:20:00,0,2005-06-14 07:24:05,791,360,Halo,10,48,,2005-06-14 06:00:00,Passing shock not related to the source solar activity caused a related increase of particle intensity; No clear evidence of Type II burst in dynamic spectra
2005-06-16,20,500,0.5,2010-2020,2001,09N;085W,,,,,2,2005-06-16 20:01:00,2005-06-16 20:22:00,M4,4.00E-05,21,2005-06-16 19:58:00,2005-06-16 20:22:00,2005-06-16 20:42:00,M5.7,5.72E-05,0.090282016,44,24,200506161958,12,2005-06-16 20:10:00,2005-06-16 20:20:00,2,,,,,9,85,,2005-06-16 20:00:00,CDAW CME First Look Time data gap. CDAW CME Width data gap. CDAW CME Speed data gap
2005-07-09,24,80,0.02,2200-2225,2147,11N;027W,2230,2005-07-09 22:30:00,65,1540,3,2005-07-09 21:47:00,2005-07-09 22:06:00,M3,3.00E-05,19,2005-07-09 21:41:00,2005-07-09 22:06:00,2005-07-09 22:19:00,M4.1,4.10E-05,0.043542791,38,25,200507092141,12,2005-07-09 22:00:00,2005-07-09 22:25:00,0,2005-07-09 22:30:05,1540,360,Halo,11,27,,2005-07-10 00:00:00,Passing shock not related to the source solar activity caused a related increase of particle intensity; No clear evidence of Type II burst in dynamic spectra
2005-07-12,19,50,0.0008,1639-1655,1547,11N;067W,1654,2005-07-12 16:54:00,80,523,1,2005-07-12 15:47:00,2005-07-12 16:24:00,M2,2.00E-05,37,2005-07-12 15:47:00,2005-07-12 16:24:00,,M2.8,2.86E-05,,,,,,2005-07-12 16:39:00,2005-07-12 16:55:00,0,2005-07-12 16:54:05,523,360,Halo,11,67,,2005-07-12 19:00:00,No clear evidence of Type II burst in dynamic spectra
2005-07-13,5,40,0.0003,0235-0240,235,18N;082W,306,2005-07-13 03:06:00,40,759,1,2005-07-13 02:35:00,2005-07-13 03:16:00,M1,1.00E-05,41,2005-07-13 02:25:00,2005-07-13 03:16:00,2005-07-13 04:00:00,M1.5,1.58E-05,0.059016783,95,51,200507130225,12,2005-07-13 02:35:00,2005-07-13 02:40:00,0,2005-07-13 03:06:05,759,54,288,18,82,,2005-07-13 05:00:00,Passing shock not related to the source solar activity caused a related increase of particle intensity; No clear evidence of Type II burst in dynamic spectra
2005-07-13,14,50,0.005,1400-1420,1401,11N;078W,1430,2005-07-13 14:30:00,70,1423,1,2005-07-13 14:01:00,2005-07-13 14:49:00,M5,5.00E-05,48,2005-07-13 13:55:00,2005-07-13 14:49:00,2005-07-13 15:38:00,M7.2,7.27E-05,0.282708198,103,54,200507131355,12,2005-07-13 14:00:00,2005-07-13 14:20:00,0,2005-07-13 14:30:05,1423,360,Halo,11,78,,2005-07-13 14:00:00,Passing shock not related to the source solar activity caused a related increase of particle intensity; No clear evidence of Type II burst in dynamic spectra
2005-07-14,11,70,0.6,~1030,1016,08N;089W,1030,2005-07-14 10:30:00,80,2115,4,2005-07-14 10:16:00,2005-07-14 10:55:00,X1,0.0001,39,2005-07-14 10:16:00,2005-07-14 10:55:00,,X1.4,0.00014286,,,,,,2005-07-14 10:30:00,,0,2005-07-14 10:54:05,2115,360,Halo,8,89,,2005-07-14 11:00:00,Passing shock not related to the source solar activity caused a related increase of particle intensity; No clear evidence of Type II burst in dynamic spectra
2005-07-17,12,90,0.07,1120-1135,,N;120W,1130,2005-07-17 11:30:00,120,1527,3,,,,,,,,,,,,,,,,2005-07-17 11:20:00,2005-07-17 11:35:00,0,2005-07-17 11:30:05,1527,360,Halo,,120,,2005-07-17 12:00:00,Nothern Event; No clear evidence of Type II burst in dynamic spectra
2005-07-21,8,50,0.002,~0330,,N;120W,354,2005-07-21 03:54:00,180,925,,,,,,,,,,,,,,,,,2005-07-21 03:30:00,,0,2005-07-21 03:54:05,925,360,Halo,,120,,2005-07-21 08:00:00,Nothern Event; No clear evidence of Type II burst in dynamic spectra
2005-07-24,25,40,0.0004,1350-1420,,N;120E,1354,2005-07-24 13:54:00,130,2528,5,,,,,,,,,,,,,,,,2005-07-24 13:50:00,2005-07-24 14:20:00,2,2005-07-24 13:54:05,2528,360,Halo,,-120,530,2005-07-25 01:00:00,Event has a slow rise; Nothern Event
2005-08-22,1,80,0.05,0100-0130,44,09S;048W,131,2005-08-22 01:31:00,160,1194,2,2005-08-22 00:44:00,2005-08-22 01:33:00,M3,3.00E-05,49,2005-08-22 00:38:00,2005-08-22 01:33:00,2005-08-22 02:18:00,M3.7,3.79E-05,0.139111906,100,55,200508220038,12,2005-08-22 01:00:00,2005-08-22 01:30:00,3,2005-08-22 01:31:48,1194,360,Halo,-9,48,790,2005-08-22 01:00:00,
2005-08-22,18,80,1.5,1655-1730,1646,12N;060W,1730,2005-08-22 17:30:00,100,2378,4,2005-08-22 16:46:00,2005-08-22 17:37:00,M6,6.00E-05,51,2005-08-22 16:45:00,2005-08-22 17:27:00,2005-08-22 18:02:00,M8.1,8.12E-05,0.241561413,77,42,200508221645,12,2005-08-22 16:55:00,2005-08-22 17:30:00,0,2005-08-22 17:30:05,2378,360,Halo,12,60,,2005-08-22 18:00:00,Passing shock not related to the source solar activity caused a related increase of particle intensity; No clear evidence of Type II burst in dynamic spectra
2005-08-29,12,70,0.02,~1100,,S;120W,1054,2005-08-29 10:54:00,120,1600,3,,,,,,,,,,,,,,,,2005-08-29 11:00:00,,,2005-08-29 10:54:05,1600,360,Halo,,120,,2005-08-29 12:00:00,Southern event; No Type II data available
2005-08-31,25,80,0.01,2200-2300,,S;120W,2230,2005-08-31 22:30:00,360,1808,3,,,,,,,,,,,,,,,,2005-08-31 22:00:00,2005-08-31 23:00:00,,2005-08-31 22:30:05,1808,360,Halo,,120,,2005-09-01 01:00:00,Passing shock not related to the source solar activity caused a related increase of particle intensity; Southern event; No Type II data available
2005-09-05,13,30,0.001,0930-0935,853,07S;099E,948,2005-09-05 09:48:00,100,2326,,2005-09-05 08:53:00,2005-09-05 10:40:00,C3,3.00E-06,107,2005-09-05 09:38:00,2005-09-05 10:42:00,2005-09-05 12:10:00,C3.8,3.89E-06,0.024693696,152,64,200509050938,12,2005-09-05 09:30:00,2005-09-05 09:35:00,0,2005-09-05 09:48:05,2326,360,Halo,-7,-99,,2005-09-05 13:00:00,Event has a slow rise; No clear evidence of Type II burst in dynamic spectra
2005-09-07,20,200,0.2,1735-1800,1717,06S;089E,,,,,5,2005-09-07 17:17:00,2005-09-07 17:40:00,X17,0.0017,23,2005-09-07 17:14:00,2005-09-07 17:40:00,2005-09-07 18:03:00,X24.4,0.002442436,3.713213205,49,26,200509071714,12,2005-09-07 17:35:00,2005-09-07 18:00:00,0,,,,,-6,-89,950,2005-09-07 20:00:00,Event has a slow rise. CDAW CME First Look Time data gap. CDAW CME Width data gap. CDAW CME Speed data gap; No clear evidence of Type II burst in dynamic spectra
2005-09-13,22,7,0.63,1950-2000,1919,09S;010E,2000,2005-09-13 20:00:00,130,1866,4,2005-09-13 19:19:00,2005-09-13 19:27:00,X2,0.0002,8,2005-09-13 19:19:00,2005-09-13 19:27:00,,X2.8,0.00028571,,,,,,2005-09-13 19:50:00,2005-09-13 20:00:00,0,2005-09-13 20:00:05,1866,360,Halo,-9,-10,1220,2005-09-13 22:00:00,No clear evidence of Type II burst in dynamic spectra
2006-07-06,9,120,0.02,0815-0820,813,11S;032W,854,2006-07-06 08:54:00,160,911,4,2006-07-06 08:13:00,2006-07-06 08:36:00,M3,3.00E-05,23,2006-07-06 08:13:00,2006-07-06 08:36:00,,M4.2,4.29E-05,,,,,,2006-07-06 08:15:00,2006-07-06 08:20:00,2,2006-07-06 08:54:04,911,360,Halo,-11,32,480,2006-07-06 09:00:00,
2006-11-06,15,60,0.001,1740-1745,1743,00N;089E,1754,2006-11-06 17:54:00,70,1994,,2006-11-06 17:43:00,2006-11-06 17:46:00,C9,9.00E-06,3,2006-11-06 17:43:00,2006-11-06 17:46:00,,M1.2,1.29E-05,,,,,,2006-11-06 17:40:00,2006-11-06 17:45:00,2,2006-11-06 17:54:04,1994,360,Halo,0,-89,,2006-11-06 17:00:00,
2006-11-21,20,30,0.0004,1925-1930,,S;120W,,,,,1,,,,,,,,,,,,,,,,2006-11-21 19:25:00,2006-11-21 19:30:00,,,,,,,120,,2006-11-21 20:00:00,CDAW CME First Look Time data gap. CDAW CME Width data gap. CDAW CME Speed data gap; Southern event; No Type II data available
2006-12-05,15,70,0.03,1030-1100,1018,07S;068E,,,,,5,2006-12-05 10:18:00,2006-12-05 10:35:00,M9,9.00E-05,17,2006-12-05 10:18:00,2006-12-05 10:35:00,,X1.2,0.00012857,,,,,,2006-12-05 10:30:00,2006-12-05 11:00:00,,,,,,-7,-68,,2006-12-05 15:00:00,Event has a slow rise. CDAW CME First Look Time data gap. CDAW CME Width data gap. CDAW CME Speed data gap. Passing shock not related to the source solar activity caused a related increase of particle intensity; No Type II data available
2006-12-06,22,500,0.9,1840-1905,1829,06S;064E,,,,,5,2006-12-06 18:29:00,2006-12-06 18:47:00,M7,7.00E-05,18,2006-12-06 18:29:00,2006-12-06 18:47:00,,X1.0,0.0001,,,,,,2006-12-06 18:40:00,2006-12-06 19:05:00,0,,,,,-6,-64,,2006-12-06 22:00:00,Event has a slow rise. CDAW CME First Look Time data gap. CDAW CME Width data gap. CDAW CME Speed data gap. Passing shock not related to the source solar activity caused a related increase of particle intensity; No clear evidence of Type II burst in dynamic spectra
2006-12-13,2,900,5.1,0225-0245,214,06S;023W,254,2006-12-13 02:54:00,180,1774,2,2006-12-13 02:14:00,2006-12-13 02:40:00,X3,0.0003,26,2006-12-13 02:10:00,2006-12-13 02:40:00,2006-12-13 02:57:00,X4.8,0.000487678,0.745122075,47,30,200612130210,12,2006-12-13 02:25:00,2006-12-13 02:45:00,3,2006-12-13 02:54:04,1774,360,Halo,-6,23,1180,2006-12-13 02:00:00,
2006-12-14,22,300,0.5,2210-2225,2107,07S;046W,2230,2006-12-14 22:30:00,70,1042,,2006-12-14 21:07:00,2006-12-14 22:15:00,X2,0.0002,68,2006-12-14 21:07:00,2006-12-14 22:15:00,,X2.8,0.00028571,,,,,,2006-12-14 22:10:00,2006-12-14 22:25:00,3,2006-12-14 22:30:04,1042,360,Halo,-7,46,980,2006-12-14 22:00:00,