SEP Reference Start,SEP Reference End,Event Source Longitude,Event Source Latitude,25 MEV Proton Intensity (MeV s cm^2 sr)^-1,GLE Event Number,GOES >10 MeV (pfu),CME speed (km/s),CDAW CME First Look Time,CDAW CME Speed,CDAW CME Width,CDAW CME Central Position Angle,CDAW CME Mean Position Angle,Flare Xray Start Time Deprecated,Flare Magnitude Deprecated,Flare Class Deprecated,Flare Xray Start Time,Flare Xray Peak Time,Flare Xray End Time,Flare Class,Flare Magnitude,Flare Integrated Flux,Flare Duration,Flare Time To Peak,Flare Catalog ID,GOES Xray Satellite,Case,Comments
1967-05-23 18:14:00,1967-05-24 18:14:00,-25,30,,,,,,,,,,,,,,,,,,,,,,,,
1967-05-28 05:46:00,1967-05-29 05:46:00,33,28,5,,,,,,,,,,,,,,,,,,,,,,,
1967-06-03 03:02:00,1967-06-04 03:02:00,-14,24,0.05,,,,,,,,,,,,,,,,,,,,,,,
1967-06-06 06:03:00,1967-06-07 06:03:00,150,,0.5,,,,,,,,,,,,,,,,,,,,,,,
1967-06-12 13:00:00,1967-06-13 13:00:00,,,0.1,,,,,,,,,,,,,,,,,,,,,,,
1967-07-04 07:57:00,1967-07-05 07:57:00,,,0.02,,,,,,,,,,,,,,,,,,,,,,,
1967-08-01 17:36:00,1967-08-02 17:36:00,62,27,0.01,,,,,,,,,,,,,,,,,,,,,,,
1967-08-03 09:36:00,1967-08-03 15:00:00,85,27,0.01,,,,,,,,,,,,,,,,,,,,,,,
1967-08-03 15:00:00,1967-08-04 15:00:00,,,0.005,,,,,,,,,,,,,,,,,,,,,,,
1967-08-09 18:00:00,1967-08-10 18:00:00,,,0.001,,,,,,,,,,,,,,,,,,,,,,,
1967-09-18 12:00:00,1967-09-19 12:00:00,,,0.001,,,,,,,,,,,,,,,,,,,,,,,
1967-10-29 06:00:00,1967-10-30 06:00:00,,,0.005,,,,,,,,,,,,,,,,,,,,,,,
1967-11-02 11:00:00,1967-11-03 11:00:00,2,-18,0.5,,,,,,,,,,,,,,,,,,,,,,,
1967-11-04 12:12:00,1967-11-05 12:12:00,33,-18,0.05,,,,,,,,,,,,,,,,,,,,,,,
1967-11-07 02:00:00,1967-11-08 02:00:00,51,-15,0.01,,,,,,,,,,,,,,,,,,,,,,,
1967-11-11 18:30:00,1967-11-12 18:30:00,,,0.01,,,,,,,,,,,,,,,,,,,,,,,
1967-11-13 03:30:00,1967-11-14 03:30:00,,,0.1,,,,,,,,,,,,,,,,,,,,,,,
1967-11-15 14:30:00,1967-11-16 14:30:00,,,0.1,,,,,,,,,,,,,,,,,,,,,,,
1967-12-03 09:15:00,1967-12-04 09:15:00,105,,1,,,,,,,,,,,,,,,,,,,,,,,
1967-12-11 23:58:00,1967-12-12 23:58:00,18,-21,0.005,,,,,,,,,,,,,,,,,,,,,,,
1967-12-16 02:56:00,1967-12-17 02:56:00,-66,23,0.05,,,,,,,,,,,,,,,,,,,,,,,
1967-12-17 18:20:00,1967-12-18 18:20:00,9,19,0.1,,,,,,,,,,,,,,,,,,,,,,,
1968-01-11 17:02:00,1968-01-12 17:02:00,39,-25,0.1,,,,,,,,,,,,,,,,,,,,,,,
1968-02-01 18:30:00,1968-02-02 18:30:00,20,17,0.001,,,,,,,,,,,,,,,,,,,,,,,
1968-02-08 14:15:00,1968-02-09 14:15:00,,,0.05,,,,,,,,,,,,,,,,,,,,,,,
1968-02-12 12:00:00,1968-02-13 12:00:00,,,0.005,,,,,,,,,,,,,,,,,,,,,,,
1968-02-17 02:54:00,1968-02-18 02:54:00,47,17,0.1,,,,,,,,,,,,,,,,,,,,,,,
1968-02-21 20:45:00,1968-02-22 20:45:00,,,1,,,,,,,,,,,,,,,,,,,,,,,
1968-02-26 05:45:00,1968-02-27 05:45:00,,,0.01,,,,,,,,,,,,,,,,,,,,,,,
1968-03-10 00:00:00,1968-03-11 00:00:00,,,0.01,,,,,,,,,,,,,,,,,,,,,,,
1968-03-21 16:10:00,1968-03-22 16:10:00,54,17,0.002,,,,,,,,,,,,,,,,,,,,,,,
1968-04-23 13:10:00,1968-04-24 13:10:00,,,0.001,,,,,,,,,,,,,,,,,,,,,,,
1968-04-26 15:47:00,1968-04-27 15:47:00,49,9,0.1,,,,,,,,,,,,,,,,,,,,,,,
1968-06-09 08:56:00,1968-06-10 08:56:00,8,-14,5,,,,,,,,,,,,,,,,,,,,,,,
1968-06-27 08:30:00,1968-06-28 08:30:00,,,0.0005,,,,,,,,,,,,,,,,,,,,,,,
1968-07-06 09:56:00,1968-07-07 09:56:00,-89,14,0.02,,,,,,,,,,,,,,,,,,,,,,,
1968-07-12 14:15:00,1968-07-13 14:15:00,21,11,0.5,,,,,,,,,,,,,,,,,,,,,,,
1968-07-26 13:00:00,1968-07-27 13:00:00,,,0.01,,,,,,,,,,,,,,,,,,,,,,,
1968-08-04 00:00:00,1968-08-05 00:00:00,,,0.001,,,,,,,,,,,,,,,,,,,,,,,
1968-08-14 13:33:00,1968-08-15 13:33:00,80,13,0.03,,,,,,,,,,,,,,,,,,,,,,,
1968-08-19 23:00:00,1968-08-20 23:00:00,,,0.002,,,,,,,,,,,,,,,,,,,,,,,
1968-08-28 23:00:00,1968-08-29 23:00:00,,,0.001,,,,,,,,,,,,,,,,,,,,,,,
1968-09-26 00:31:00,1968-09-27 00:31:00,-35,14,0.1,,,,,,,,,,,,,,,,,,,,,,,
1968-09-28 07:25:00,1968-09-29 07:25:00,-39,-19,0.1,,,,,,,,,,,,,,,,,,,,,,,
1968-09-29 16:23:00,1968-09-30 16:23:00,52,17,1,18,,,,,,,,,,,,,,,,,,,,,,
1968-10-04 00:08:00,1968-10-05 00:08:00,37,-16,1,,,,,,,,,,,,,,,,,,,,,,,
1968-10-24 00:07:00,1968-10-25 00:07:00,-59,12,0.001,,,,,,,,,,,,,,,,,,,,,,,
1968-10-27 13:24:00,1968-10-28 13:24:00,-18,-17,0.01,,,,,,,,,,,,,,,,,,,,,,,
1968-10-29 12:34:00,1968-10-30 12:34:00,12,-16,0.01,,,,,,,,,,,,,,,,,,,,,,,
1968-10-30 12:53:00,1968-10-31 00:13:00,25,-18,0.05,,,,,,,,,,,,,,,,,,,,,,,
1968-10-31 00:13:00,1968-11-01 00:13:00,37,-14,3,,,,,,,,,,,,,,,,,,,,,,,
1968-11-04 05:42:00,1968-11-05 05:42:00,90,-15,1,,,,,,,,,,,,,,,,,,,,,,,
1968-11-13 06:10:00,1968-11-14 06:10:00,,,0.01,,,,,,,,,,,,,,,,,,,,,,,
1968-11-18 10:58:00,1968-11-19 10:58:00,87,21,10,19,,,,,,,,,,,,,,,,,,,,,,
1968-12-02 21:19:00,1968-12-03 21:19:00,-89,21,0.1,,,,,,,,,,,,,,,,,,,,,,,
1968-12-27 10:56:00,1968-12-28 10:56:00,-2,16,0.005,,,,,,,,,,,,,,,,,,,,,,,
1969-01-24 08:11:00,1969-01-25 08:11:00,9,20,0.1,,,,,,,,,1969-01-24 08:11:00,0.0001,X1.0,1969-01-24 08:11:00,,,X1.4,0.00014286,,,,,,,
1969-02-24 23:16:00,1969-02-25 09:14:00,32,12,0.005,,,,,,,,,1969-02-24 23:16:00,0.0002,X2.0,1969-02-24 23:16:00,,,X2.8,0.00028571,,,,,,,
1969-02-25 09:14:00,1969-02-26 04:27:00,37,13,1,20,,,,,,,,,,,,,,,,,,,,,,
1969-02-26 04:27:00,1969-02-27 04:27:00,46,13,0.5,,,,,,,,,1969-02-26 04:27:00,0.0005,X5.0,1969-02-26 04:27:00,,,X7.1,0.00071429,,,,,,,
1969-02-27 14:15:00,1969-02-28 14:15:00,65,13,0.5,,,,,,,,,1969-02-27 14:15:00,0.0005,X5.0,1969-02-27 14:15:00,,,X7.1,0.00071429,,,,,,,
1969-03-12 17:44:00,1969-03-13 17:44:00,80,12,0.1,,,,,,,,,1969-03-12 17:44:00,0.0005,X5.0,1969-03-12 17:44:00,,,X7.1,0.00071429,,,,,,,
1969-03-16 08:00:00,1969-03-17 08:00:00,,,0.01,,,,,,,,,,,,,,,,,,,,,,,
1969-03-21 01:54:00,1969-03-22 01:54:00,-16,19,0.2,,,,,,,,,1969-03-21 01:54:00,0.0005,X5.0,1969-03-21 01:54:00,,,X7.1,0.00071429,,,,,,,
1969-03-27 13:41:00,1969-03-28 13:41:00,70,21,0.005,,,,,,,,,1969-03-27 13:41:00,0.0005,X5.0,1969-03-27 13:41:00,,,X7.1,0.00071429,,,,,,,
1969-03-30 03:00:00,1969-03-31 03:00:00,110,19,0.5,21,,,,,,,,1969-03-30 03:00:00,0.0002,X2.0,1969-03-30 03:00:00,,,X2.8,0.00028571,,,,,,,
1969-04-10 04:14:00,1969-04-11 04:14:00,-90,11,1,,,,,,,,,1969-04-10 04:14:00,0.0002,X2.0,1969-04-10 04:14:00,,,X2.8,0.00028571,,,,,,,
1969-04-29 08:00:00,1969-04-30 08:00:00,,,0.005,,,,,,,,,,,,,,,,,,,,,,,
1969-09-25 07:24:00,1969-09-26 07:24:00,14,13,0.5,,,,,,,,,1969-09-25 07:24:00,1.00E-05,M1.0,1969-09-25 07:24:00,,,M1.4,1.43E-05,,,,,,,
1969-09-27 04:12:00,1969-09-28 04:12:00,-2,9,0.01,,,,,,,,,1969-09-27 04:12:00,0.0001,X1.0,1969-09-27 04:12:00,,,X1.4,0.00014286,,,,,,,
1969-10-13 23:48:00,1969-10-14 05:44:00,,,0.002,,,,,,,,,,,,,,,,,,,,,,,
1969-10-14 05:44:00,1969-10-14 10:48:00,71,25,0.01,,,,,,,,,1969-10-14 05:44:00,1.00E-05,M1.0,1969-10-14 05:44:00,,,M1.4,1.43E-05,,,,,,,
1969-10-14 10:48:00,1969-10-14 19:06:00,,,0.02,,,,,,,,,,,,,,,,,,,,,,,
1969-10-14 19:06:00,1969-10-15 19:06:00,,,0.02,,,,,,,,,,,,,,,,,,,,,,,
1969-11-02 11:38:00,1969-11-03 11:38:00,90,16,10,,,,,,,,,1969-11-02 11:38:00,0.0005,X5.0,1969-11-02 11:38:00,,,X7.1,0.00071429,,,,,,,
1969-11-07 03:45:00,1969-11-08 03:45:00,-11,14,0.1,,,,,,,,,1969-11-07 03:45:00,4.00E-06,C4.0,1969-11-07 03:45:00,,,C5.7,5.71E-06,,,,,,,
1969-11-13 12:00:00,1969-11-14 12:00:00,,,0.005,,,,,,,,,,,,,,,,,,,,,,,
1969-11-24 09:22:00,1969-11-25 09:22:00,31,13,0.1,,,,,,,,,1969-11-24 09:22:00,0.0005,X5.0,1969-11-24 09:22:00,,,X7.1,0.00071429,,,,,,,
1969-11-30 13:00:00,1969-12-01 13:00:00,,,0.002,,,,,,,,,,,,,,,,,,,,,,,
1969-12-18 15:30:00,1969-12-19 15:30:00,,,0.03,,,,,,,,,,,,,,,,,,,,,,,
1969-12-19 22:45:00,1969-12-20 22:45:00,,,0.2,,,,,,,,,,,,,,,,,,,,,,,
1969-12-30 19:34:00,1969-12-31 19:34:00,85,-14,0.05,,,,,,,,,1969-12-30 19:34:00,4.00E-05,M4.0,1969-12-30 19:34:00,,,M5.7,5.71E-05,,,,,,,
1970-01-03 21:30:00,1970-01-04 21:30:00,16,13,0.001,,,,,,,,,,,,,,,,,,,,,,,
1970-01-28 13:45:00,1970-01-29 10:29:00,26,16,0.02,,,,,,,,,,,,,,,,,,,,,,,
1970-01-29 10:29:00,1970-01-30 10:29:00,42,-13,0.1,,,,,,,,,1970-01-29 10:29:00,1.00E-05,M1.0,1970-01-29 10:29:00,,,M1.4,1.43E-05,,,,,,,
1970-01-31 15:35:00,1970-02-01 15:35:00,64,-23,1,,,,,,,,,1970-01-31 15:35:00,8.00E-05,M8.0,1970-01-31 15:35:00,,,X1.1,0.00011429,,,,,,,
1970-02-16 08:47:00,1970-02-17 08:47:00,56,-13,0.001,,,,,,,,,1970-02-16 08:47:00,2.00E-05,M2.0,1970-02-16 08:47:00,,,M2.8,2.86E-05,,,,,,,
1970-02-26 13:00:00,1970-02-27 13:00:00,-74,9,0.005,,,,,,,,,1970-02-26 13:00:00,1.00E-05,M1.0,1970-02-26 13:00:00,,,M1.4,1.43E-05,,,,,,,
1970-03-06 13:00:00,1970-03-07 01:52:00,90,9,0.1,,,,,,,,,1970-03-06 13:00:00,8.00E-05,M8.0,1970-03-06 13:00:00,,,X1.1,0.00011429,,,,,,,
1970-03-07 01:52:00,1970-03-08 01:52:00,-10,-12,0.2,,,,,,,,,1970-03-07 01:52:00,0.0001,X1.0,1970-03-07 01:52:00,,,X1.4,0.00014286,,,,,,,
1970-03-12 03:25:00,1970-03-13 03:25:00,,,0.01,,,,,,,,,,,,,,,,,,,,,,,
1970-03-21 01:10:00,1970-03-22 01:10:00,-67,18,0.001,,,,,,,,,1970-03-21 01:10:00,2.00E-05,M2.0,1970-03-21 01:10:00,,,M2.8,2.86E-05,,,,,,,
1970-03-23 18:15:00,1970-03-24 18:15:00,62,18,0.4,,,,,,,,,,,,,,,,,,,,,,,
1970-03-25 12:26:00,1970-03-26 12:26:00,-10,14,0.05,,,,,,,,,1970-03-25 12:26:00,0.0002,X2.0,1970-03-25 12:26:00,,,X2.8,0.00028571,,,,,,,
1970-03-29 00:46:00,1970-03-30 00:46:00,37,13,0.5,,,,,,,,,1970-03-29 00:46:00,0.0002,X2.0,1970-03-29 00:46:00,,,X2.8,0.00028571,,,,,,,
1970-04-07 10:30:00,1970-04-08 10:30:00,,,0.01,,,,,,,,,,,,,,,,,,,,,,,
1970-04-15 04:20:00,1970-04-16 04:20:00,86,13,0.002,,,,,,,,,1970-04-15 04:20:00,0.0002,X2.0,1970-04-15 04:20:00,,,X2.8,0.00028571,,,,,,,
1970-04-16 18:00:00,1970-04-17 18:00:00,,,0.01,,,,,,,,,,,,,,,,,,,,,,,
1970-05-05 02:10:00,1970-05-06 02:10:00,,,0.001,,,,,,,,,,,,,,,,,,,,,,,
1970-05-30 03:38:00,1970-05-31 03:38:00,30,-8,0.5,,,,,,,,,1970-05-30 03:38:00,0.0001,X1.0,1970-05-30 03:38:00,,,X1.4,0.00014286,,,,,,,
1970-06-02 06:31:00,1970-06-03 06:31:00,76,-8,0.01,,,,,,,,,1970-06-02 06:31:00,4.00E-05,M4.0,1970-06-02 06:31:00,,,M5.7,5.71E-05,,,,,,,
1970-06-14 14:00:00,1970-06-15 14:00:00,-38,21,0.005,,,,,,,,,1970-06-14 14:00:00,0.0001,X1.0,1970-06-14 14:00:00,,,X1.4,0.00014286,,,,,,,
1970-06-25 18:38:00,1970-06-26 18:38:00,-11,10,0.1,,,,,,,,,1970-06-25 18:38:00,6.00E-05,M6.0,1970-06-25 18:38:00,,,M8.5,8.57E-05,,,,,,,
1970-06-28 20:07:00,1970-06-29 20:07:00,-23,20,0.0005,,,,,,,,,1970-06-28 20:07:00,0.0004,X4.0,1970-06-28 20:07:00,,,X5.7,0.00057143,,,,,,,
1970-07-06 21:40:00,1970-07-07 17:00:00,90,22,0.01,,,,,,,,,1970-07-06 21:40:00,0.0001,X1.0,1970-07-06 21:40:00,,,X1.4,0.00014286,,,,,,,
1970-07-07 17:00:00,1970-07-08 17:00:00,100,5,0.1,,,,,,,,,1970-07-07 17:00:00,0.0001,X1.0,1970-07-07 17:00:00,,,X1.4,0.00014286,,,,,,,
1970-07-21 05:05:00,1970-07-22 05:05:00,-46,8,0.01,,,,,,,,,1970-07-21 05:05:00,4.00E-05,M4.0,1970-07-21 05:05:00,,,M5.7,5.71E-05,,,,,,,
1970-07-23 18:43:00,1970-07-24 18:43:00,-9,9,0.5,,,,,,,,,1970-07-23 18:43:00,0.0002,X2.0,1970-07-23 18:43:00,,,X2.8,0.00028571,,,,,,,
1970-08-09 18:00:00,1970-08-10 18:00:00,,,0.001,,,,,,,,,,,,,,,,,,,,,,,
1970-08-12 20:36:00,1970-08-13 20:36:00,-90,11,0.05,,,,,,,,,1970-08-12 20:36:00,0.0005,X5.0,1970-08-12 20:36:00,,,X7.1,0.00071429,,,,,,,
1970-08-14 16:35:00,1970-08-15 16:35:00,-74,10,,,,,,,,,,1970-08-14 16:35:00,0.001,X10.0,1970-08-14 16:35:00,,,X14.2,0.0014286,,,,,,,
1970-08-23 05:30:00,1970-08-24 05:30:00,,,0.03,,,,,,,,,,,,,,,,,,,,,,,
1970-11-01 12:47:00,1970-11-02 12:47:00,50,16,,,,,,,,,,1970-11-01 12:47:00,4.00E-05,M4.0,1970-11-01 12:47:00,,,M5.7,5.71E-05,,,,,,,
1970-11-05 03:30:00,1970-11-06 03:30:00,-36,-12,1,,,,,,,,,1970-11-05 03:30:00,0.0004,X4.0,1970-11-05 03:30:00,,,X5.7,0.00057143,,,,,,,
1970-11-23 11:02:00,1970-11-24 11:02:00,66,8,0.01,,,,,,,,,1970-11-23 11:02:00,3.00E-05,M3.0,1970-11-23 11:02:00,,,M4.2,4.29E-05,,,,,,,
1970-12-05 23:25:00,1970-12-06 23:25:00,45,16,,,,,,,,,,1970-12-05 23:25:00,2.00E-05,M2.0,1970-12-05 23:25:00,,,M2.8,2.86E-05,,,,,,,
1970-12-11 22:41:00,1970-12-12 22:41:00,2,16,0.05,,,,,,,,,1970-12-11 22:41:00,0.0001,X1.0,1970-12-11 22:41:00,,,X1.4,0.00014286,,,,,,,
1970-12-24 06:55:00,1970-12-25 06:55:00,,,0.05,,,,,,,,,,,,,,,,,,,,,,,
1971-01-14 11:25:00,1971-01-15 11:25:00,56,-9,,,,,,,,,,1971-01-14 11:25:00,0.0001,X1.0,1971-01-14 11:25:00,,,X1.4,0.00014286,,,,,,,
1971-01-24 23:16:00,1971-01-25 23:16:00,50,18,20,22,,,,,,,,1971-01-24 23:16:00,0.0008,X8.0,1971-01-24 23:16:00,,,X11.4,0.0011429,,,,,,,
1971-04-02 00:30:00,1971-04-03 00:30:00,12,19,0.05,,,,,,,,,,,,,,,,,,,,,,,
1971-04-06 09:44:00,1971-04-07 09:44:00,80,-19,3,,,,,,,,,1971-04-06 09:44:00,2.00E-05,M2.0,1971-04-06 09:44:00,,,M2.8,2.86E-05,,,,,,,
1971-04-20 19:46:00,1971-04-21 19:46:00,50,-6,0.1,,,,,,,,,1971-04-20 19:46:00,4.00E-05,M4.0,1971-04-20 19:46:00,,,M5.7,5.71E-05,,,,,,,
1971-04-22 12:37:00,1971-04-23 12:37:00,61,18,0.1,,,,,,,,,,,,,,,,,,,,,,,
1971-05-12 02:03:00,1971-05-13 02:03:00,70,12,0.02,,,,,,,,,,,,,,,,,,,,,,,
1971-05-13 17:58:00,1971-05-14 14:26:00,86,11,0.001,,,,,,,,,1971-05-13 17:58:00,0.0001,X1.0,1971-05-13 17:58:00,,,X1.4,0.00014286,,,,,,,
1971-05-14 14:26:00,1971-05-15 14:26:00,-11,4,0.02,,,,,,,,,1971-05-14 14:26:00,0.0001,X1.0,1971-05-14 14:26:00,,,X1.4,0.00014286,,,,,,,
1971-05-16 13:00:00,1971-05-17 13:00:00,125,,0.5,,,,,,,,,,,,,,,,,,,,,,,
1971-06-29 22:38:00,1971-06-30 22:38:00,22,17,0.02,,,,,,,,,,,,,,,,,,,,,,,
1971-09-01 19:30:00,1971-09-02 19:30:00,120,14,10,23,,,,,,,,1971-09-01 19:30:00,3.00E-06,C3.0,1971-09-01 19:30:00,,,C4.2,4.29E-06,,,,,,,
1971-10-03 13:51:00,1971-10-04 13:51:00,-14,14,0.1,,,,,,,,,1971-10-03 13:51:00,0.0001,X1.0,1971-10-03 13:51:00,,,X1.4,0.00014286,,,,,,,
1972-02-22 00:33:00,1972-02-23 00:33:00,2,3,0.01,,,,,,,,,1972-02-22 00:33:00,0.0002,X2.0,1972-02-22 00:33:00,,,X2.8,0.00028571,,,,,,,
1972-03-05 08:16:00,1972-03-06 08:16:00,-43,-7,0.01,,,,,,,,,1972-03-05 08:16:00,0.001,X10.0,1972-03-05 08:16:00,,,X14.2,0.0014286,,,,,,,
1972-03-11 01:30:00,1972-03-12 01:30:00,32,-11,0.001,,,,,,,,,,,,,,,,,,,,,,,
1972-03-28 08:07:00,1972-03-29 08:07:00,,,0.02,,,,,,,,,,,,,,,,,,,,,,,
1972-04-17 22:17:00,1972-04-18 22:17:00,,,1,,,,,,,,,,,,,,,,,,,,,,,
1972-04-26 12:00:00,1972-04-27 12:00:00,,,0.003,,,,,,,,,,,,,,,,,,,,,,,
1972-05-28 13:32:00,1972-05-29 13:32:00,-30,9,1,,,,,,,,,1972-05-28 13:32:00,0.001,X10.0,1972-05-28 13:32:00,,,X14.2,0.0014286,,,,,,,
1972-06-08 12:00:00,1972-06-09 12:00:00,110,,0.5,,,,,,,,,,,,,,,,,,,,,,,
1972-06-15 13:13:00,1972-06-16 13:13:00,0,-14,0.1,,,,,,,,,1972-06-15 13:13:00,0.0001,X1.0,1972-06-15 13:13:00,,,X1.4,0.00014286,,,,,,,
1972-07-19 05:10:00,1972-07-20 05:10:00,140,,0.1,,,,,,,,,,,,,,,,,,,,,,,
1972-08-02 03:55:00,1972-08-02 20:58:00,-34,12,2,,,,,,,,,1972-08-02 03:55:00,0.0004,X4.0,1972-08-02 03:55:00,,,X5.7,0.00057143,,,,,,,
1972-08-02 20:58:00,1972-08-03 20:58:00,-28,14,10,,,,,,,,,1972-08-02 20:58:00,0.0002,X2.0,1972-08-02 20:58:00,,,X2.8,0.00028571,,,,,,,
1972-08-07 15:34:00,1972-08-08 15:34:00,37,14,10,25,,,,,,,,1972-08-07 15:34:00,0.001,X10.0,1972-08-07 15:34:00,,,X14.2,0.0014286,,,,,,,
1972-08-16 02:05:00,1972-08-16 12:45:00,,,0.05,,,,,,,,,,,,,,,,,,,,,,,
1972-08-16 12:45:00,1972-08-17 12:45:00,,,0.1,,,,,,,,,,,,,,,,,,,,,,,
1972-09-06 22:02:00,1972-09-07 22:02:00,,,0.05,,,,,,,,,,,,,,,,,,,,,,,
1972-10-29 17:47:00,1972-10-30 17:47:00,-5,-10,0.01,,,,,,,,,1972-10-29 17:47:00,2.00E-05,M2.0,1972-10-29 17:47:00,,,M2.8,2.86E-05,,,,,,,
1972-11-25 08:30:00,1972-11-26 08:30:00,44,-6,0.002,,,,,,,,,1972-11-25 08:30:00,1.00E-05,M1.0,1972-11-25 08:30:00,,,M1.4,1.43E-05,,,,,,,
1972-11-28 04:03:00,1972-11-29 04:03:00,80,-8,0.002,,,,,,,,,1972-11-28 04:03:00,1.00E-05,M1.0,1972-11-28 04:03:00,,,M1.4,1.43E-05,,,,,,,
1972-12-16 03:49:00,1972-12-17 03:49:00,57,12,0.0007,,,,,,,,,1972-12-16 03:49:00,1.00E-05,M1.0,1972-12-16 03:49:00,,,M1.4,1.43E-05,,,,,,,
1973-03-29 00:00:00,1973-03-30 00:00:00,,,0.002,,,,,,,,,,,,,,,,,,,,,,,
1973-04-12 12:00:00,1973-04-13 12:00:00,,,0.1,,,,,,,,,,,,,,,,,,,,,,,
1973-04-29 21:04:00,1973-04-30 21:04:00,73,14,0.3,26,,,,,,,,1973-04-29 21:04:00,3.00E-05,M3.0,1973-04-29 21:04:00,,,M4.2,4.29E-05,,,,,,,
1973-05-13 20:51:00,1973-05-14 20:51:00,99,,0.0005,,,,,,,,,,,,,,,,,,,,,,,
1973-07-29 13:29:00,1973-07-30 13:29:00,-45,14,0.01,,,,,,,,,1973-07-29 13:29:00,7.00E-05,M7.0,1973-07-29 13:29:00,,,X1.0,0.0001,,,,,,,
1973-09-07 12:12:00,1973-09-08 12:12:00,46,-18,0.3,,,,,,,,,1973-09-07 12:12:00,0.0001,X1.0,1973-09-07 12:12:00,,,X1.4,0.00014286,,,,,,,
1973-09-17 18:00:00,1973-09-18 18:00:00,,,0.0008,,,,,,,,,,,,,,,,,,,,,,,
1973-10-27 18:00:00,1973-10-28 18:00:00,-55,,0.0005,,,,,,,,,,,,,,,,,,,,,,,
1973-11-03 00:34:00,1973-11-04 00:34:00,85,-18,0.08,,,,,,,,,1973-11-03 00:34:00,0.0002,X2.0,1973-11-03 00:34:00,,,X2.8,0.00028571,,,,,,,
1974-01-17 22:00:00,1974-01-18 22:00:00,,,0.0004,,,,,,,,,,,,,,,,,,,,,,,
1974-06-08 16:00:00,1974-06-09 16:00:00,,,0.001,,,,,,,,,,,,,,,,,,,,,,,
1974-07-02 00:00:00,1974-07-03 00:00:00,,,,,,,,,,,,,,,,,,,,,,,,,,
1974-07-04 13:57:00,1974-07-05 13:57:00,8,-16,0.3,,,,,,,,,1974-07-04 13:57:00,0.0004,X4.0,1974-07-04 13:57:00,,,X5.7,0.00057143,,,,,,,
1974-07-05 21:43:00,1974-07-06 21:43:00,26,-15,0.6,,,,,,,,,1974-07-05 21:43:00,0.0012,X12.0,1974-07-05 21:43:00,,,X17.1,0.0017143,,,,,,,
1974-09-10 21:46:00,1974-09-11 21:46:00,-61,10,0.5,,,,,,,,,1974-09-10 21:46:00,0.0002,X2.0,1974-09-10 21:46:00,,,X2.8,0.00028571,,,,,,,
1974-09-19 22:40:00,1974-09-20 22:40:00,62,9,0.8,,,,,,,,,1974-09-19 22:40:00,0.0002,X2.0,1974-09-19 22:40:00,,,X2.8,0.00028571,,,,,,,
1974-09-23 12:00:00,1974-09-24 12:00:00,90,-91,0.08,,,,,,,,,1974-09-23 12:00:00,2.00E-05,M2.0,1974-09-23 12:00:00,,,M2.8,2.86E-05,,,,,,,
1974-10-11 03:31:00,1974-10-12 03:31:00,-2,12,0.001,,,,,,,,,,,,,,,,,,,,,,,
1974-11-05 15:38:00,1974-11-06 15:38:00,78,-12,0.8,,,,,,,,,1974-11-05 15:38:00,0.0001,X1.0,1974-11-05 15:38:00,,,X1.4,0.00014286,,,,,,,
1974-12-22 16:35:00,1974-12-23 16:35:00,-14,6,0.002,,,,,,,,,1974-12-22 16:35:00,3.00E-06,C3.0,1974-12-22 16:35:00,,,C4.2,4.29E-06,,,,,,,
1974-12-25 19:26:00,1974-12-26 19:26:00,26,4,0.001,,,,,,,,,1974-12-25 19:26:00,8.00E-06,C8.0,1974-12-25 19:26:00,,,M1.1,1.14E-05,,,,,,,
1975-08-04 00:00:00,1975-08-05 00:00:00,,,0.002,,,,,,,,,,,,,,,,,,,,,,,
1975-08-21 15:17:00,1975-08-22 01:18:00,74,26,0.08,,,,,,,,,1975-08-21 15:17:00,0.0001,X1.0,1975-08-21 15:17:00,,,X1.4,0.00014286,,,,,,,
1975-08-22 01:18:00,1975-08-23 01:18:00,81,27,0.15,,,,,,,,,1975-08-22 01:18:00,8.00E-05,M8.0,1975-08-22 01:18:00,,,X1.1,0.00011429,,,,,,,
1975-11-16 21:45:00,1975-11-17 21:45:00,76,5,0.0005,,,,,,,,,1975-11-16 21:45:00,2.00E-06,C2.0,1975-11-16 21:45:00,,,C2.8,2.86E-06,,,,,,,
1975-11-21 06:16:00,1975-11-22 06:16:00,21,-7,0.006,,,,,,,,,1975-11-21 06:16:00,2.00E-05,M2.0,1975-11-21 06:16:00,,,M2.8,2.86E-05,,,,,,,
1976-03-23 08:39:00,1976-03-24 08:39:00,-90,-5,0.001,,0,,,,,,,1976-03-23 08:39:00,0.0001,X1.0,1976-03-23 08:39:00,,,X1.4,0.00014286,,,,,,,
1976-03-26 03:00:00,1976-03-26 12:00:00,,,0.01,,0,,,,,,,,,,,,,,,,,,,,,
1976-03-26 12:00:00,1976-03-27 12:00:00,,,0.03,,0,,,,,,,,,,,,,,,,,,,,,
1976-03-28 19:21:00,1976-03-29 19:21:00,-28,-7,0.009,,0,,,,,,,1976-03-28 19:21:00,9.00E-05,M9.0,1976-03-28 19:21:00,,,X1.2,0.00012857,,,,,,,
1976-04-30 20:59:00,1976-05-01 20:59:00,46,-8,2.5,27,12,,,,,,,1976-04-30 20:59:00,0.0001,X1.0,1976-04-30 20:59:00,,,X1.4,0.00014286,,,,,,,
1976-08-22 00:00:00,1976-08-23 00:00:00,90,-2,0.5,,0,,,,,,,1976-08-22 00:00:00,3.00E-05,M3.0,1976-08-22 00:00:00,,,M4.2,4.29E-05,,,,,,,
1977-07-26 00:00:00,1977-07-27 00:00:00,50,-91,0.004,,0,,,,,,,,,,,,,,,,,,,,,
1977-09-07 23:15:00,1977-09-08 23:15:00,-90,10,0.04,,0,,,,,,,1977-09-07 23:15:00,0.0001,X1.0,1977-09-07 23:15:00,,,X1.4,0.00014286,,,,,,,
1977-09-16 22:56:00,1977-09-17 22:56:00,20,7,1,,0,,,,,,,1977-09-16 22:56:00,6.00E-05,M6.0,1977-09-16 22:56:00,,,M8.5,8.57E-05,,,,,,,
1977-09-19 10:38:00,1977-09-20 10:38:00,57,8,5,28,200,,,,,,,1977-09-19 10:38:00,0.0002,X2.0,1977-09-19 10:38:00,,,X2.8,0.00028571,,,,,,,
1977-09-24 05:54:00,1977-09-25 05:54:00,120,-91,2,29,0,,,,,,,1977-09-24 05:54:00,8.00E-07,B8.0,1977-09-24 05:54:00,,,C1.1,1.14E-06,,,,,,,
1977-10-06 06:00:00,1977-10-07 06:00:00,59,,0.0005,,0,,,,,,,,,,,,,,,,,,,,,
1977-10-12 01:52:00,1977-10-13 01:52:00,2,6,0.09,,0,,,,,,,1977-10-12 01:52:00,9.00E-05,M9.0,1977-10-12 01:52:00,,,X1.2,0.00012857,,,,,,,
1977-11-22 10:05:00,1977-11-23 10:05:00,40,24,7,30,160,,,,,,,1977-11-22 10:05:00,9.00E-05,M9.0,1977-11-22 10:05:00,,,X1.2,0.00012857,,,,,,,
1977-12-27 11:05:00,1977-12-28 11:05:00,79,-25,0.01,,0,,,,,,,1977-12-27 11:05:00,1.00E-05,M1.0,1977-12-27 11:05:00,,,M1.4,1.43E-05,,,,,,,
1978-01-01 21:53:00,1978-01-02 21:53:00,-6,-21,0.04,,0,,,,,,,1978-01-01 21:53:00,3.00E-05,M3.0,1978-01-01 21:53:00,,,M4.2,4.29E-05,,,,,,,
1978-01-08 07:13:00,1978-01-09 07:13:00,85,-12,0.01,,0,,,,,,,1978-01-08 07:13:00,0.0001,X1.0,1978-01-08 07:13:00,,,X1.4,0.00014286,,,,,,,
1978-01-11 00:00:00,1978-01-12 00:00:00,,,0.005,,0,,,,,,,,,,,,,,,,,,,,,
1978-02-13 01:50:00,1978-02-14 01:50:00,20,13,11,,850,,,,,,,1978-02-13 01:50:00,6.00E-05,M6.0,1978-02-13 01:50:00,,,M8.5,8.57E-05,,,,,,,
1978-02-25 14:50:00,1978-02-26 14:50:00,21,19,0.02,,0,,,,,,,1978-02-25 14:50:00,4.00E-05,M4.0,1978-02-25 14:50:00,,,M5.7,5.71E-05,,,,,,,
1978-03-06 11:59:00,1978-03-07 11:59:00,-20,26,0.0006,,0,,,,,,,1978-03-06 11:59:00,2.00E-05,M2.0,1978-03-06 11:59:00,,,M2.8,2.86E-05,,,,,,,
1978-04-08 01:56:00,1978-04-09 01:56:00,11,19,0.02,,0,,,,,,,1978-04-08 01:56:00,0.0001,X1.0,1978-04-08 01:56:00,,,X1.4,0.00014286,,,,,,,
1978-04-11 14:10:00,1978-04-12 14:10:00,91,22,1,,65,,,,,,,1978-04-11 14:10:00,0.0002,X2.0,1978-04-11 14:10:00,,,X2.8,0.00028571,,,,,,,
1978-04-17 00:00:00,1978-04-18 00:00:00,,,0.2,,0,,,,,,,,,,,,,,,,,,,,,
1978-04-19 00:00:00,1978-04-20 00:00:00,,,0.006,,0,,,,,,,,,,,,,,,,,,,,,
1978-04-28 13:35:00,1978-04-29 13:35:00,-38,22,3,,1000,,,,,,,1978-04-28 13:35:00,0.0005,X5.0,1978-04-28 13:35:00,,,X7.1,0.00071429,,,,,,,
1978-05-07 03:30:00,1978-05-08 03:30:00,72,23,1.3,31,100,,,,,,,1978-05-07 03:30:00,0.0001,X1.0,1978-05-07 03:30:00,,,X1.4,0.00014286,,,,,,,
1978-05-11 06:00:00,1978-05-12 06:00:00,,,0.05,,0,,,,,,,,,,,,,,,,,,,,,
1978-05-31 10:48:00,1978-06-01 10:48:00,43,20,0.09,,19,,,,,,,1978-05-31 10:48:00,6.00E-05,M6.0,1978-05-31 10:48:00,,,M8.5,8.57E-05,,,,,,,
1978-06-22 16:54:00,1978-06-23 16:54:00,-16,18,,,25,,,,,,,1978-06-22 16:54:00,3.00E-05,M3.0,1978-06-22 16:54:00,,,M4.2,4.29E-05,,,,,,,
1978-07-02 12:00:00,1978-07-03 12:00:00,,,0.01,,0,,,,,,,,,,,,,,,,,,,,,
1978-07-05 03:00:00,1978-07-06 03:00:00,,,0.01,,0,,,,,,,,,,,,,,,,,,,,,
1978-07-11 10:56:00,1978-07-12 10:56:00,-45,18,0.006,,0,,,,,,,1978-07-11 10:56:00,0.001,X10.0,1978-07-11 10:56:00,,,X14.2,0.0014286,,,,,,,
1978-07-24 00:00:00,1978-07-25 00:00:00,,,0.004,,0,,,,,,,,,,,,,,,,,,,,,
1978-09-07 23:32:00,1978-09-08 23:32:00,17,-28,0.03,,0,,,,,,,1978-09-07 23:32:00,6.00E-06,C6.0,1978-09-07 23:32:00,,,C8.5,8.57E-06,,,,,,,
1978-09-23 10:00:00,1978-09-24 10:00:00,50,35,20,32,2200,,,,,,,1978-09-23 10:00:00,0.0001,X1.0,1978-09-23 10:00:00,,,X1.4,0.00014286,,,,,,,
1978-10-01 07:18:00,1978-10-02 07:18:00,-57,-13,0.002,,0,,,,,,,1978-10-01 07:18:00,9.00E-05,M9.0,1978-10-01 07:18:00,,,X1.2,0.00012857,,,,,,,
1978-10-08 20:07:00,1978-10-09 20:07:00,44,-13,0.02,,0,,,,,,,1978-10-08 20:07:00,8.00E-06,C8.0,1978-10-08 20:07:00,,,M1.1,1.14E-05,,,,,,,
1978-10-09 20:22:00,1978-10-10 20:22:00,61,-14,0.4,,0,,,,,,,1978-10-09 20:22:00,4.00E-05,M4.0,1978-10-09 20:22:00,,,M5.7,5.71E-05,,,,,,,
1978-10-13 12:39:00,1978-10-14 12:39:00,1,-18,0.007,,0,,,,,,,,,,,,,,,,,,,,,
1978-10-17 17:40:00,1978-10-18 17:40:00,51,-18,0.014,,0,,,,,,,1978-10-17 17:40:00,2.00E-06,C2.0,1978-10-17 17:40:00,,,C2.8,2.86E-06,,,,,,,
1978-11-04 10:00:00,1978-11-05 10:00:00,,,0.001,,0,,,,,,,,,,,,,,,,,,,,,
1978-11-10 01:22:00,1978-11-11 01:22:00,-1,17,0.05,,38,,,,,,,1978-11-10 01:22:00,2.00E-05,M2.0,1978-11-10 01:22:00,,,M2.8,2.86E-05,,,,,,,
1978-11-20 16:00:00,1978-11-21 16:00:00,,,0.001,,0,,,,,,,,,,,,,,,,,,,,,
1978-12-11 19:47:00,1978-12-12 19:47:00,50,-16,0.02,,0,,,,,,,1978-12-11 19:47:00,0.0001,X1.0,1978-12-11 19:47:00,,,X1.4,0.00014286,,,,,,,
1979-01-05 00:33:00,1979-01-06 00:33:00,-54,-19,0.001,,0,,,,,,,,,,,,,,,,,,,,,
1979-01-21 18:00:00,1979-01-22 18:00:00,-85,,0.003,,0,,,,,,,,,,,,,,,,,,,,,
1979-02-16 01:52:00,1979-02-17 01:52:00,-59,16,0.0006,,31,,,,,,,1979-02-16 01:52:00,0.0003,X3.0,1979-02-16 01:52:00,,,X4.2,0.00042857,,,,,,,
1979-02-18 16:38:00,1979-02-19 16:38:00,14,17,0.04,,0,,,,,,,1979-02-18 16:38:00,0.0002,X2.0,1979-02-18 16:38:00,,,X2.8,0.00028571,,,,,,,
1979-03-01 10:15:00,1979-03-02 10:15:00,-58,-23,0.04,,0,,,,,,,1979-03-01 10:15:00,0.0001,X1.0,1979-03-01 10:15:00,,,X1.4,0.00014286,,,,,,,
1979-03-09 09:48:00,1979-03-10 09:48:00,-80,17,0.01,,0,,,,,,,1979-03-09 09:48:00,0.0001,X1.0,1979-03-09 09:48:00,,,X1.4,0.00014286,,,,,,,
1979-03-19 00:00:00,1979-03-20 00:00:00,,,0.001,,0,,,,,,,,,,,,,,,,,,,,,
1979-04-03 01:12:00,1979-04-04 01:12:00,14,-25,0.03,,45,,,,,,,1979-04-03 01:12:00,4.00E-05,M4.0,1979-04-03 01:12:00,,,M5.7,5.71E-05,,,,,,,
1979-04-13 06:00:00,1979-04-14 06:00:00,,,0.001,,0,,,,,,,,,,,,,,,,,,,,,
1979-04-27 06:52:00,1979-04-28 06:52:00,-17,18,0.0004,,0,,,,,,,,,,,,,,,,,,,,,
1979-05-02 16:59:00,1979-05-03 16:59:00,55,20,0.001,,0,,,,,,,,,,,,,,,,,,,,,
1979-06-05 05:14:00,1979-06-06 05:14:00,-14,17,0.001,,0,,,,,,,1979-06-05 05:14:00,0.0002,X2.0,1979-06-05 05:14:00,,,X2.8,0.00028571,,,,,,,
1979-06-06 14:00:00,1979-06-07 14:00:00,,,3,,950,,,,,,,,,,,,,,,,,,,,,
1979-06-25 06:15:00,1979-06-26 06:15:00,90,18,0.005,,0,,,,,,,1979-06-25 06:15:00,2.00E-05,M2.0,1979-06-25 06:15:00,,,M2.8,2.86E-05,,,,,,,
1979-07-04 19:20:00,1979-07-05 19:20:00,-36,11,0.013,,0,,,,,,,1979-07-04 19:20:00,2.00E-05,M2.0,1979-07-04 19:20:00,,,M2.8,2.86E-05,,,,,,,
1979-07-06 18:00:00,1979-07-07 18:00:00,,,0.09,,50,,,,,,,,,,,,,,,,,,,,,
1979-08-03 06:00:00,1979-08-04 06:00:00,,,0.01,,0,,,,,,,,,,,,,,,,,,,,,
1979-08-18 14:30:00,1979-08-19 04:00:00,-90,8,0.01,,0,,,,,,,1979-08-18 14:30:00,0.0006,X6.0,1979-08-18 14:30:00,,,X8.5,0.00085714,,,,,,,
1979-08-19 04:00:00,1979-08-20 04:00:00,,,0.5,,500,,,,,,,,,,,,,,,,,,,,,
1979-08-21 06:13:00,1979-08-22 06:13:00,40,17,5,33,0,,,,,,,1979-08-21 06:13:00,7.00E-06,C7.0,1979-08-21 06:13:00,,,M1.0,1.00E-05,,,,,,,
1979-08-26 17:01:00,1979-08-27 17:01:00,11,5,0.04,,0,,,,,,,1979-08-26 17:01:00,0.0002,X2.0,1979-08-26 17:01:00,,,X2.8,0.00028571,,,,,,,
1979-09-08 10:00:00,1979-09-09 10:00:00,,,0.05,,0,,,,,,,,,,,,,,,,,,,,,
1979-09-14 07:00:00,1979-09-15 07:00:00,-90,6,0.3,,60,,,,,,,1979-09-14 07:00:00,0.0002,X2.0,1979-09-14 07:00:00,,,X2.8,0.00028571,,,,,,,
1979-11-04 20:00:00,1979-11-05 20:00:00,,,0.002,,0,,,,,,,,,,,,,,,,,,,,,
1979-11-08 10:00:00,1979-11-09 10:00:00,,,0.004,,0,,,,,,,,,,,,,,,,,,,,,
1979-11-12 03:00:00,1979-11-13 03:00:00,,,0.002,,0,,,,,,,,,,,,,,,,,,,,,
1979-11-15 21:40:00,1979-11-16 21:40:00,35,29,0.6,,75,,,,,,,1979-11-15 21:40:00,2.00E-05,M2.0,1979-11-15 21:40:00,,,M2.8,2.86E-05,,,,,,,
1979-11-21 09:00:00,1979-11-22 09:00:00,,,0.03,,0,,,,,,,,,,,,,,,,,,,,,
1979-12-12 18:00:00,1979-12-13 18:00:00,,,0.0005,,0,,,,,,,,,,,,,,,,,,,,,
1979-12-20 00:00:00,1979-12-21 00:00:00,,,0.003,,0,,,,,,,,,,,,,,,,,,,,,
1979-12-26 00:00:00,1979-12-27 00:00:00,,,0.004,,0,,,,,,,,,,,,,,,,,,,,,
1979-12-29 10:00:00,1979-12-30 10:00:00,,,0.002,,0,,,,,,,,,,,,,,,,,,,,,
1980-01-11 04:00:00,1980-01-12 04:00:00,,,0.005,,0,,,,,,,,,,,,,,,,,,,,,
1980-01-25 21:08:00,1980-01-26 21:08:00,50,-19,0.01,,0,,,,,,,1980-01-25 21:08:00,7.00E-05,M7.0,1980-01-25 21:08:00,,,X1.0,0.0001,,,,,,,
1980-01-29 20:00:00,1980-01-30 20:00:00,,,0.01,,0,,,,,,,,,,,,,,,,,,,,,
1980-01-31 10:00:00,1980-02-01 10:00:00,,,0.004,,0,,,,,,,,,,,,,,,,,,,,,
1980-02-06 10:38:00,1980-02-07 10:38:00,37,-18,0.1,,12,,,,,,,1980-02-06 10:38:00,4.00E-06,C4.0,1980-02-06 10:38:00,,,C5.7,5.71E-06,,,,,,,
1980-02-08 09:10:00,1980-02-09 09:10:00,79,13,0.004,,0,,,,,,,1980-02-08 09:10:00,0.0001,X1.0,1980-02-08 09:10:00,,,X1.4,0.00014286,,,,,,,
1980-02-16 00:00:00,1980-02-17 00:00:00,,,0.002,,0,,,,,,,,,,,,,,,,,,,,,
1980-03-09 00:00:00,1980-03-10 00:00:00,,,0.001,,0,,,,,,,,,,,,,,,,,,,,,
1980-03-25 04:24:00,1980-03-26 04:24:00,25,-26,0.001,,0,,,,,,,1980-03-25 04:24:00,8.00E-06,C8.0,1980-03-25 04:24:00,,,M1.1,1.14E-05,,,,,,,
1980-03-28 20:00:00,1980-03-29 20:00:00,,,0.0008,,0,,,,,,,,,,,,,,,,,,,,,
1980-04-03 12:00:00,1980-04-04 12:00:00,,,0.001,,0,,,,,,,,,,,,,,,,,,,,,
1980-04-04 15:09:00,1980-04-05 15:09:00,35,27,0.2,,0,,,,,,,1980-04-04 15:09:00,5.00E-05,M5.0,1980-04-04 15:09:00,,,M7.1,7.14E-05,,,,,,,
1980-04-09 22:00:00,1980-04-10 22:00:00,,,0.0006,,0,,,,,,,,,,,,,,,,,,,,,
1980-05-03 20:00:00,1980-05-04 20:00:00,,,0.001,,0,,,,,,,,,,,,,,,,,,,,,
1980-05-21 20:59:00,1980-05-22 20:59:00,15,-14,0.007,,0,,,,,,,1980-05-21 20:59:00,0.0001,X1.0,1980-05-21 20:59:00,,,X1.4,0.00014286,,,,,,,
1980-05-28 18:00:00,1980-05-29 18:00:00,35,-18,0.0006,,0,,,,,,,1980-05-28 18:00:00,4.00E-05,M4.0,1980-05-28 18:00:00,,,M5.7,5.71E-05,,,,,,,
1980-06-07 01:18:00,1980-06-07 03:15:00,72,13,0.001,,0,,,,,,,1980-06-07 01:18:00,3.00E-05,M3.0,1980-06-07 01:18:00,,,M4.2,4.29E-05,,,,,,,
1980-06-07 03:15:00,1980-06-08 03:15:00,74,12,0.003,,0,,,,,,,1980-06-07 03:15:00,6.00E-05,M6.0,1980-06-07 03:15:00,,,M8.5,8.57E-05,,,,,,,
1980-06-21 00:55:00,1980-06-22 00:55:00,-14,-12,0.003,,0,,,,,,,1980-06-21 00:55:00,2.00E-05,M2.0,1980-06-21 00:55:00,,,M2.8,2.86E-05,,,,,,,
1980-06-27 16:17:00,1980-06-28 16:17:00,67,-25,0.003,,0,,,,,,,1980-06-27 16:17:00,8.00E-05,M8.0,1980-06-27 16:17:00,,,X1.1,0.00011429,,,,,,,
1980-06-29 10:45:00,1980-06-30 10:45:00,90,-27,0.004,,0,,,,,,,1980-06-29 10:45:00,4.00E-05,M4.0,1980-06-29 10:45:00,,,M5.7,5.71E-05,,,,,,,
1980-07-05 22:40:00,1980-07-06 22:40:00,28,28,0.015,,0,,,,,,,1980-07-05 22:40:00,0.0001,X1.0,1980-07-05 22:40:00,,,X1.4,0.00014286,,,,,,,
1980-07-17 06:04:00,1980-07-18 06:04:00,-6,-11,1,,100,,,,,,,1980-07-17 06:04:00,5.00E-05,M5.0,1980-07-17 06:04:00,,,M7.1,7.14E-05,,,,,,,
1980-07-23 01:00:00,1980-07-24 01:00:00,-17,-19,0.01,,0,,,,,,,1980-07-23 01:00:00,9.00E-05,M9.0,1980-07-23 01:00:00,,,X1.2,0.00012857,,,,,,,
1980-08-06 18:00:00,1980-08-07 18:00:00,,,0.03,,0,,,,,,,,,,,,,,,,,,,,,
1980-08-18 00:00:00,1980-08-19 00:00:00,,,0.005,,0,,,,,,,,,,,,,,,,,,,,,
1980-08-21 18:00:00,1980-08-22 18:00:00,11,19,0.004,,0,,,,,,,1980-08-21 18:00:00,8.00E-05,M8.0,1980-08-21 18:00:00,,,X1.1,0.00011429,,,,,,,
1980-08-31 02:00:00,1980-09-01 02:00:00,,,0.001,,0,,,,,,,,,,,,,,,,,,,,,
1980-09-01 07:00:00,1980-09-02 07:00:00,,,0.01,,0,,,,,,,,,,,,,,,,,,,,,
1980-09-24 00:00:00,1980-09-25 00:00:00,,,0.0003,,0,,,,,,,,,,,,,,,,,,,,,
1980-10-06 06:00:00,1980-10-07 06:00:00,,,0.0005,,0,,,,,,,,,,,,,,,,,,,,,
1980-10-09 09:00:00,1980-10-10 09:00:00,,,0.0003,,0,,,,,,,,,,,,,,,,,,,,,
1980-10-15 05:24:00,1980-10-16 05:24:00,-55,19,0.4,,0,,,,,,,1980-10-15 05:24:00,2.00E-05,M2.0,1980-10-15 05:24:00,,,M2.8,2.86E-05,,,,,,,
1980-10-23 11:00:00,1980-10-24 11:00:00,75,6,0.002,,0,,,,,,,1980-10-23 11:00:00,1.00E-05,M1.0,1980-10-23 11:00:00,,,M1.4,1.43E-05,,,,,,,
1980-10-25 09:00:00,1980-10-26 09:00:00,60,19,0.002,,0,,,,,,,1980-10-25 09:00:00,0.0003,X3.0,1980-10-25 09:00:00,,,X4.2,0.00042857,,,,,,,
1980-11-06 03:40:00,1980-11-07 03:40:00,-70,-13,0.004,,0,,,,,,,1980-11-06 03:40:00,0.0009,X9.0,1980-11-06 03:40:00,,,X12.8,0.0012857,,,,,,,
1980-11-11 17:44:00,1980-11-12 17:44:00,69,-11,0.006,,0,,,,,,,1980-11-11 17:44:00,4.00E-05,M4.0,1980-11-11 17:44:00,,,M5.7,5.71E-05,,,,,,,
1980-11-14 18:00:00,1980-11-15 18:00:00,,,0.05,,0,,,,,,,,,,,,,,,,,,,,,
1980-11-23 17:55:00,1980-11-24 17:55:00,20,11,0.1,,0,,,,,,,1980-11-23 17:55:00,2.00E-05,M2.0,1980-11-23 17:55:00,,,M2.8,2.86E-05,,,,,,,
1980-11-29 06:00:00,1980-11-30 06:00:00,,,0.014,,0,,,,,,,,,,,,,,,,,,,,,
1981-01-28 06:00:00,1981-01-29 06:00:00,,,0.0005,,0,,,,,,,,,,,,,,,,,,,,,
1981-03-07 06:30:00,1981-03-08 06:30:00,79,-22,0.02,,0,,,,,,,1981-03-07 06:30:00,2.00E-05,M2.0,1981-03-07 06:30:00,,,M2.8,2.86E-05,,,,,,,
1981-03-11 00:00:00,1981-03-12 00:00:00,,,0.0006,,0,,,,,,,,,,,,,,,,,,,,,
1981-03-25 20:46:00,1981-03-26 20:46:00,87,9,0.01,,0,,,,,,,1981-03-25 20:46:00,0.0001,X1.0,1981-03-25 20:46:00,,,X1.4,0.00014286,,,,,,,
1981-03-28 00:00:00,1981-03-29 00:00:00,,,0.001,,0,,,,,,,,,,,,,,,,,,,,,
1981-03-30 00:47:00,1981-03-31 00:47:00,72,13,0.05,,30,,,,,,,1981-03-30 00:47:00,3.00E-05,M3.0,1981-03-30 00:47:00,,,M4.2,4.29E-05,,,,,,,
1981-04-01 01:17:00,1981-04-02 01:17:00,52,-43,0.09,,0,,,,,,,1981-04-01 01:17:00,0.0002,X2.0,1981-04-01 01:17:00,,,X2.8,0.00028571,,,,,,,
1981-04-03 09:11:00,1981-04-04 05:02:00,83,-41,0.09,,0,,,,,,,1981-04-03 09:11:00,8.00E-05,M8.0,1981-04-03 09:11:00,,,X1.1,0.00011429,,,,,,,
1981-04-04 05:02:00,1981-04-05 05:02:00,87,-44,0.1,,0,,,,,,,1981-04-04 05:02:00,0.0001,X1.0,1981-04-04 05:02:00,,,X1.4,0.00014286,,,,,,,
1981-04-10 16:51:00,1981-04-11 16:51:00,36,7,1.2,34,50,,,,,,,1981-04-10 16:51:00,0.0001,X1.0,1981-04-10 16:51:00,,,X1.4,0.00014286,,,,,,,
1981-04-15 22:42:00,1981-04-16 22:42:00,80,19,0.06,,0,,,,,,,1981-04-15 22:42:00,7.00E-06,C7.0,1981-04-15 22:42:00,,,M1.0,1.00E-05,,,,,,,
1981-04-24 14:08:00,1981-04-25 14:08:00,50,18,4,,160,,,,,,,1981-04-24 14:08:00,0.0005,X5.0,1981-04-24 14:08:00,,,X7.1,0.00071429,,,,,,,
1981-04-28 22:13:00,1981-04-29 22:13:00,90,16,1.3,,0,,,,,,,1981-04-28 22:13:00,0.0001,X1.0,1981-04-28 22:13:00,,,X1.4,0.00014286,,,,,,,
1981-04-30 04:00:00,1981-05-01 04:00:00,104,-91,1,,0,,,,,,,1981-04-30 04:00:00,2.00E-06,C2.0,1981-04-30 04:00:00,,,C2.8,2.86E-06,,,,,,,
1981-05-04 00:00:00,1981-05-05 00:00:00,,,0.1,,0,,,,,,,,,,,,,,,,,,,,,
1981-05-08 22:14:00,1981-05-09 22:14:00,-37,9,0.4,,150,,,,,,,1981-05-08 22:14:00,8.00E-05,M8.0,1981-05-08 22:14:00,,,X1.1,0.00011429,,,,,,,
1981-05-10 07:17:00,1981-05-11 07:17:00,75,3,3,35,,,,,,,,1981-05-10 07:17:00,1.00E-05,M1.0,1981-05-10 07:17:00,,,M1.4,1.43E-05,,,,,,,
1981-05-16 08:31:00,1981-05-17 08:31:00,-14,11,1.3,,0,,,,,,,1981-05-16 08:31:00,0.0001,X1.0,1981-05-16 08:31:00,,,X1.4,0.00014286,,,,,,,
1981-06-18 09:29:00,1981-06-19 09:29:00,35,-25,0.004,,0,,,,,,,1981-06-18 09:29:00,1.00E-05,M1.0,1981-06-18 09:29:00,,,M1.4,1.43E-05,,,,,,,
1981-06-27 08:25:00,1981-06-28 08:25:00,-33,19,0.007,,0,,,,,,,1981-06-27 08:25:00,3.00E-05,M3.0,1981-06-27 08:25:00,,,M4.2,4.29E-05,,,,,,,
1981-07-20 13:22:00,1981-07-21 13:22:00,75,-25,3,,100,,,,,,,1981-07-20 13:22:00,5.00E-05,M5.0,1981-07-20 13:22:00,,,M7.1,7.14E-05,,,,,,,
1981-07-24 10:00:00,1981-07-25 10:00:00,,,0.03,,0,,,,,,,,,,,,,,,,,,,,,
1981-08-07 19:11:00,1981-08-08 19:11:00,-25,-9,0.001,,57,,,,,,,1981-08-07 19:11:00,4.00E-05,M4.0,1981-08-07 19:11:00,,,M5.7,5.71E-05,,,,,,,
1981-08-21 08:31:00,1981-08-22 08:31:00,-2,-16,0.002,,0,,,,,,,1981-08-21 08:31:00,4.00E-05,M4.0,1981-08-21 08:31:00,,,M5.7,5.71E-05,,,,,,,
1981-09-06 18:00:00,1981-09-07 18:00:00,,,0.006,,0,,,,,,,,,,,,,,,,,,,,,
1981-09-09 20:00:00,1981-09-10 20:00:00,,,0.004,,0,,,,,,,,,,,,,,,,,,,,,
1981-09-17 12:00:00,1981-09-18 12:00:00,,,0.001,,0,,,,,,,,,,,,,,,,,,,,,
1981-09-19 15:00:00,1981-09-20 15:00:00,,,0.04,,0,,,,,,,,,,,,,,,,,,,,,
1981-10-07 23:11:00,1981-10-08 23:11:00,-83,-17,0.4,,2000,,,,,,,1981-10-07 23:11:00,0.0004,X4.0,1981-10-07 23:11:00,,,X5.7,0.00057143,,,,,,,
1981-10-12 06:20:00,1981-10-13 06:20:00,-31,-18,10,36,0,,,,,,,1981-10-12 06:20:00,0.0003,X3.0,1981-10-12 06:20:00,,,X4.2,0.00042857,,,,,,,
1981-10-18 11:12:00,1981-10-19 11:12:00,52,-17,,,0,,,,,,,1981-10-18 11:12:00,2.00E-05,M2.0,1981-10-18 11:12:00,,,M2.8,2.86E-05,,,,,,,
1981-11-07 03:00:00,1981-11-08 03:00:00,39,-7,0.002,,0,,,,,,,,,,,,,,,,,,,,,
1981-11-09 12:29:00,1981-11-10 12:29:00,-17,-17,0.01,,0,,,,,,,1981-11-09 12:29:00,4.00E-05,M4.0,1981-11-09 12:29:00,,,M5.7,5.71E-05,,,,,,,
1981-11-14 22:19:00,1981-11-15 22:19:00,47,15,0.02,,0,,,,,,,1981-11-14 22:19:00,5.00E-05,M5.0,1981-11-14 22:19:00,,,M7.1,7.14E-05,,,,,,,
1981-11-22 06:58:00,1981-11-23 06:58:00,21,13,0.002,,0,,,,,,,1981-11-22 06:58:00,1.00E-05,M1.0,1981-11-22 06:58:00,,,M1.4,1.43E-05,,,,,,,
1981-12-05 13:00:00,1981-12-06 13:00:00,40,-91,0.03,,0,,,,,,,1981-12-05 13:00:00,4.00E-06,C4.0,1981-12-05 13:00:00,,,C5.7,5.71E-06,,,,,,,
1981-12-09 18:25:00,1981-12-10 18:25:00,16,10,1,,65,,,,,,,1981-12-09 18:25:00,4.00E-05,M4.0,1981-12-09 18:25:00,,,M5.7,5.71E-05,,,,,,,
1981-12-27 02:51:00,1981-12-28 02:51:00,-16,-13,0.05,,0,,,,,,,1981-12-27 02:51:00,7.00E-06,C7.0,1981-12-27 02:51:00,,,M1.0,1.00E-05,,,,,,,
1982-01-02 06:20:00,1982-01-03 00:23:00,88,19,0.02,,0,,,,,,,1982-01-02 06:20:00,8.00E-05,M8.0,1982-01-02 06:20:00,,,X1.1,0.00011429,,,,,,,
1982-01-03 00:23:00,1982-01-04 00:23:00,,,0.004,,0,,,,,,,1982-01-03 00:23:00,2.00E-05,M2.0,1982-01-03 00:23:00,,,M2.8,2.86E-05,,,,,,,
1982-01-09 13:30:00,1982-01-10 13:30:00,,,0.0005,,0,,,,,,,1982-01-09 13:30:00,-999,,1982-01-09 13:30:00,,,,-1427.1,,,,,,,
1982-01-28 07:15:00,1982-01-29 07:15:00,-45,9,0.001,,0,,,,,,,1982-01-28 07:15:00,8.80E-05,M8.8,1982-01-28 07:15:00,,,X1.2,0.00012571,,,,,,,
1982-01-29 18:00:00,1982-01-30 18:00:00,,,0.003,,0,,,,,,,1982-01-29 18:00:00,-999,,1982-01-29 18:00:00,,,,-1427.1,,,,,,,
1982-01-30 23:44:00,1982-01-31 23:44:00,-13,-12,10,,830,,,,,,,1982-01-30 23:44:00,0.0001,X1.0,1982-01-30 23:44:00,,,X1.4,0.00014286,,,,,,,
1982-02-01 14:07:00,1982-02-02 14:07:00,9,-16,4,,0,,,,,,,1982-02-01 14:07:00,0.0003,X3.0,1982-02-01 14:07:00,,,X4.2,0.00042857,,,,,,,
1982-02-07 00:30:00,1982-02-08 00:30:00,80,-16,0.05,,0,,,,,,,1982-02-07 00:30:00,4.00E-05,M4.0,1982-02-07 00:30:00,,,M5.7,5.71E-05,,,,,,,
1982-02-08 12:23:00,1982-02-09 04:38:00,88,-15,0.06,,0,,,,,,,1982-02-08 12:23:00,0.0002,X2.0,1982-02-08 12:23:00,,,X2.8,0.00028571,,,,,,,
1982-02-09 04:38:00,1982-02-10 04:38:00,90,-14,,,0,,,,,,,1982-02-09 04:38:00,0.0002,X2.0,1982-02-09 04:38:00,,,X2.8,0.00028571,,,,,,,
1982-02-12 22:30:00,1982-02-13 22:30:00,,,0.001,,0,,,,,,,1982-02-12 22:30:00,-999,,1982-02-12 22:30:00,,,,-1427.1,,,,,,,
1982-02-14 09:00:00,1982-02-15 09:00:00,37,-13,0.001,,0,,,,,,,1982-02-14 09:00:00,9.70E-05,M9.7,1982-02-14 09:00:00,,,X1.3,0.00013857,,,,,,,
1982-02-20 08:00:00,1982-02-21 08:00:00,38,0,0.0005,,0,,,,,,,1982-02-20 08:00:00,0.0003,X3.0,1982-02-20 08:00:00,,,X4.2,0.00042857,,,,,,,
1982-03-07 02:50:00,1982-03-08 02:50:00,53,19,0.1,,0,,,,,,,1982-03-07 02:50:00,0.0003,X3.0,1982-03-07 02:50:00,,,X4.2,0.00042857,,,,,,,
1982-03-17 04:00:00,1982-03-18 04:00:00,,,0.0005,,0,,,,,,,,,,,,,,,,,,,,,
1982-03-30 05:25:00,1982-03-31 05:25:00,12,12,0.01,,0,,,,,,,1982-03-30 05:25:00,0.0003,X3.0,1982-03-30 05:25:00,,,X4.2,0.00042857,,,,,,,
1982-06-03 11:44:00,1982-06-04 11:44:00,-71,-9,0.01,,10,,,,,,,1982-06-03 11:44:00,0.0009,X9.0,1982-06-03 11:44:00,,,X12.8,0.0012857,,,,,,,
1982-06-06 16:17:00,1982-06-07 16:17:00,-25,-9,0.1,,30,,,,,,,1982-06-06 16:17:00,0.0012,X12.0,1982-06-06 16:17:00,,,X17.1,0.0017143,,,,,,,
1982-06-27 18:00:00,1982-06-28 18:00:00,90,-91,0.05,,0,,,,,,,1982-06-27 18:00:00,4.00E-05,M4.0,1982-06-27 18:00:00,,,M5.7,5.71E-05,,,,,,,
1982-07-09 07:37:00,1982-07-10 07:37:00,-76,18,0.02,,2900,,,,,,,1982-07-09 07:37:00,0.0001,X1.0,1982-07-09 07:37:00,,,X1.4,0.00014286,,,,,,,
1982-07-12 09:18:00,1982-07-13 09:18:00,-36,11,4,,0,,,,,,,1982-07-12 09:18:00,0.0007,X7.0,1982-07-12 09:18:00,,,X10.0,0.001,,,,,,,
1982-07-17 23:18:00,1982-07-18 23:18:00,36,16,,,0,,,,,,,1982-07-17 23:18:00,7.00E-05,M7.0,1982-07-17 23:18:00,,,X1.0,0.0001,,,,,,,
1982-07-19 01:01:00,1982-07-20 01:01:00,45,21,0.06,,0,,,,,,,1982-07-19 01:01:00,0.0001,X1.0,1982-07-19 01:01:00,,,X1.4,0.00014286,,,,,,,
1982-07-22 17:07:00,1982-07-23 17:07:00,89,16,3,,240,,,,,,,1982-07-22 17:07:00,5.00E-05,M5.0,1982-07-22 17:07:00,,,M7.1,7.14E-05,,,,,,,
1982-08-08 02:05:00,1982-08-09 02:05:00,65,-9,0.004,,0,,,,,,,1982-08-08 02:05:00,7.00E-05,M7.0,1982-08-08 02:05:00,,,X1.0,0.0001,,,,,,,
1982-08-14 05:07:00,1982-08-15 05:07:00,63,11,0.05,,0,,,,,,,1982-08-14 05:07:00,4.00E-05,M4.0,1982-08-14 05:07:00,,,M5.7,5.71E-05,,,,,,,
1982-09-04 04:30:00,1982-09-05 04:30:00,-33,12,0.03,,66,,,,,,,1982-09-04 04:30:00,4.00E-05,M4.0,1982-09-04 04:30:00,,,M5.7,5.71E-05,,,,,,,
1982-09-19 14:36:00,1982-09-20 14:36:00,-6,-14,0.002,,0,,,,,,,1982-09-19 14:36:00,9.00E-06,C9.0,1982-09-19 14:36:00,,,M1.2,1.29E-05,,,,,,,
1982-10-01 20:00:00,1982-10-02 20:00:00,,,0.001,,0,,,,,,,,,,,,,,,,,,,,,
1982-10-03 18:00:00,1982-10-04 18:00:00,,,0.007,,0,,,,,,,,,,,,,,,,,,,,,
1982-11-21 06:00:00,1982-11-22 06:00:00,79,-11,0.001,,0,,,,,,,1982-11-21 06:00:00,0.0001,X1.0,1982-11-21 06:00:00,,,X1.4,0.00014286,,,,,,,
1982-11-22 18:17:00,1982-11-23 18:17:00,36,-11,0.5,,40,,,,,,,1982-11-22 18:17:00,7.00E-05,M7.0,1982-11-22 18:17:00,,,X1.0,0.0001,,,,,,,
1982-11-26 02:36:00,1982-11-27 02:36:00,87,-12,2,37,25,,,,,,,1982-11-26 02:36:00,0.0005,X5.0,1982-11-26 02:36:00,,,X7.1,0.00071429,,,,,,,
1982-12-07 23:51:00,1982-12-08 23:51:00,86,-19,10,38,1000,,,,,,,1982-12-07 23:51:00,0.0003,X3.0,1982-12-07 23:51:00,,,X4.2,0.00042857,,,,,,,
1982-12-14 00:00:00,1982-12-15 00:00:00,,,0.03,,0,,,,,,,,,,,,,,,,,,,,,
1982-12-15 01:59:00,1982-12-16 01:59:00,-24,-9,0.08,,0,,,,,,,1982-12-15 01:59:00,0.0013,X13.0,1982-12-15 01:59:00,,,X18.5,0.0018571,,,,,,,
1982-12-17 18:57:00,1982-12-18 18:57:00,20,-7,1,,130,,,,,,,1982-12-17 18:57:00,0.0009,X9.0,1982-12-17 18:57:00,,,X12.8,0.0012857,,,,,,,
1982-12-19 15:22:00,1982-12-20 15:22:00,75,10,1,,85,,,,,,,1982-12-19 15:22:00,9.00E-05,M9.0,1982-12-19 15:22:00,,,X1.2,0.00012857,,,,,,,
1982-12-25 07:20:00,1982-12-26 07:20:00,-45,-17,0.03,,190,,,,,,,1982-12-25 07:20:00,0.0002,X2.0,1982-12-25 07:20:00,,,X2.8,0.00028571,,,,,,,
1983-01-05 13:45:00,1983-01-06 13:45:00,100,,0.008,,0,,,,,,,1983-01-05 13:45:00,1.00E-05,M1.0,1983-01-05 13:45:00,,,M1.4,1.43E-05,,,,,,,
1983-01-06 15:00:00,1983-01-07 15:00:00,-33,-10,0.1,,0,,,,,,,1983-01-06 15:00:00,1.00E-05,M1.0,1983-01-06 15:00:00,,,M1.4,1.43E-05,,,,,,,
1983-02-03 06:08:00,1983-02-04 06:08:00,7,-17,0.02,,340,,,,,,,1983-02-03 06:08:00,0.0004,X4.0,1983-02-03 06:08:00,,,X5.7,0.00057143,,,,,,,
1983-02-11 12:00:00,1983-02-12 12:00:00,,,0.003,,0,,,,,,,,,,,,,,,,,,,,,
1983-03-02 04:00:00,1983-03-03 04:00:00,,,0.002,,0,,,,,,,,,,,,,,,,,,,,,
1983-03-10 08:41:00,1983-03-11 08:41:00,55,-24,0.02,,0,,,,,,,1983-03-10 08:41:00,1.00E-05,M1.0,1983-03-10 08:41:00,,,M1.4,1.43E-05,,,,,,,
1983-04-15 02:01:00,1983-04-16 02:01:00,90,-12,0.04,,0,,,,,,,1983-04-15 02:01:00,4.00E-06,C4.0,1983-04-15 02:01:00,,,C5.7,5.71E-06,,,,,,,
1983-04-24 00:00:00,1983-04-25 00:00:00,,,0.004,,0,,,,,,,,,,,,,,,,,,,,,
1983-05-12 02:54:00,1983-05-13 02:54:00,40,-10,0.02,,0,,,,,,,1983-05-12 02:54:00,7.00E-05,M7.0,1983-05-12 02:54:00,,,X1.0,0.0001,,,,,,,
1983-05-15 08:45:00,1983-05-16 08:45:00,82,-12,0.01,,0,,,,,,,1983-05-15 08:45:00,0.0002,X2.0,1983-05-15 08:45:00,,,X2.8,0.00028571,,,,,,,
1983-05-19 10:00:00,1983-05-20 10:00:00,,,0.001,,0,,,,,,,,,,,,,,,,,,,,,
1983-05-21 20:00:00,1983-05-22 20:00:00,,,0.002,,0,,,,,,,,,,,,,,,,,,,,,
1983-05-31 00:00:00,1983-06-01 00:00:00,,,0.0006,,0,,,,,,,1983-05-31 00:00:00,8.00E-05,M8.0,1983-05-31 00:00:00,,,X1.1,0.00011429,,,,,,,
1983-06-14 15:00:00,1983-06-15 15:00:00,,,0.1,,18,,,,,,,,,,,,,,,,,,,,,
1983-06-18 13:00:00,1983-06-19 13:00:00,,,0.01,,0,,,,,,,,,,,,,,,,,,,,,
1983-10-02 06:20:00,1983-10-03 06:20:00,55,-17,0.001,,0,,,,,,,1983-10-02 06:20:00,1.00E-05,M1.0,1983-10-02 06:20:00,,,M1.4,1.43E-05,,,,,,,
1983-10-14 15:52:00,1983-10-15 15:52:00,56,14,0.002,,0,,,,,,,1983-10-14 15:52:00,8.00E-06,C8.0,1983-10-14 15:52:00,,,M1.1,1.14E-05,,,,,,,
1983-11-08 22:00:00,1983-11-09 22:00:00,,,0.001,,0,,,,,,,,,,,,,,,,,,,,,
1984-01-31 12:04:00,1984-02-01 12:04:00,55,17,0.02,,0,,,,,,,1984-01-31 12:04:00,8.00E-06,C8.0,1984-01-31 12:04:00,,,M1.1,1.14E-05,,,,,,,
1984-02-01 20:00:00,1984-02-02 20:00:00,,,0.003,,0,,,,,,,,,,,,,,,,,,,,,
1984-02-07 00:00:00,1984-02-08 00:00:00,,,0.001,,0,,,,,,,,,,,,,,,,,,,,,
1984-02-16 09:00:00,1984-02-17 09:00:00,122,,5,39,660,,,,,,,,,,,,,,,,,,,,,
1984-02-17 22:29:00,1984-02-18 22:29:00,-81,17,0.06,,55,,,,,,,1984-02-17 22:29:00,0.0002,X2.0,1984-02-17 22:29:00,,,X2.8,0.00028571,,,,,,,
1984-03-06 20:00:00,1984-03-07 20:00:00,,,0.004,,0,,,,,,,,,,,,,,,,,,,,,
1984-03-10 12:00:00,1984-03-11 12:00:00,,,0.004,,0,,,,,,,,,,,,,,,,,,,,,
1984-03-14 03:24:00,1984-03-15 03:24:00,43,-11,0.6,,100,,,,,,,1984-03-14 03:24:00,1.00E-05,M1.0,1984-03-14 03:24:00,,,M1.4,1.43E-05,,,,,,,
1984-04-07 00:00:00,1984-04-08 00:00:00,,,0.001,,0,,,,,,,,,,,,,,,,,,,,,
1984-04-25 00:01:00,1984-04-26 00:01:00,-45,-11,10,,2500,,,,,,,1984-04-25 00:01:00,0.0013,X13.0,1984-04-25 00:01:00,,,X18.5,0.0018571,,,,,,,
1984-05-05 19:00:00,1984-05-06 19:00:00,90,45,0.02,,0,,,,,,,1984-05-05 19:00:00,8.00E-05,M8.0,1984-05-05 19:00:00,,,X1.1,0.00011429,,,,,,,
1984-05-21 02:30:00,1984-05-22 02:30:00,90,-91,0.5,,0,,,,,,,1984-05-21 02:30:00,4.00E-05,M4.0,1984-05-21 02:30:00,,,M5.7,5.71E-05,,,,,,,
1984-05-22 15:02:00,1984-05-23 15:02:00,-26,-9,0.002,,0,,,,,,,1984-05-22 15:02:00,6.00E-05,M6.0,1984-05-22 15:02:00,,,M8.5,8.57E-05,,,,,,,
1984-05-24 06:00:00,1984-05-25 06:00:00,,,0.02,,31,,,,,,,,,,,,,,,,,,,,,
1984-05-31 12:00:00,1984-06-01 12:00:00,90,-91,0.03,,15,,,,,,,1984-05-31 12:00:00,1.00E-05,M1.0,1984-05-31 12:00:00,,,M1.4,1.43E-05,,,,,,,
1984-06-05 03:00:00,1984-06-06 03:00:00,,,0.002,,0,,,,,,,,,,,,,,,,,,,,,
1985-01-21 23:20:00,1985-01-22 23:20:00,40,-10,0.1,,14,,,,,,,1985-01-21 23:20:00,0.0005,X5.0,1985-01-21 23:20:00,,,X7.1,0.00071429,,,,,,,
1985-01-23 07:30:00,1985-01-24 07:30:00,58,-11,0.02,,0,,,,,,,1985-01-23 07:30:00,1.00E-05,M1.0,1985-01-23 07:30:00,,,M1.4,1.43E-05,,,,,,,
1985-04-24 09:02:00,1985-04-25 09:02:00,-24,5,0.2,,160,,,,,,,1985-04-24 09:02:00,0.0002,X2.0,1985-04-24 09:02:00,,,X2.8,0.00028571,,,,,,,
1985-07-03 21:00:00,1985-07-04 06:00:00,,,0.01,,0,,,,,,,,,,,,,,,,,,,,,
1985-07-04 06:00:00,1985-07-05 06:00:00,,,0.015,,0,,,,,,,,,,,,,,,,,,,,,
1985-07-09 01:40:00,1985-07-10 01:40:00,25,-13,2,,140,,,,,,,1985-07-09 01:40:00,2.00E-05,M2.0,1985-07-09 01:40:00,,,M2.8,2.86E-05,,,,,,,
1985-07-17 04:00:00,1985-07-18 04:00:00,,,0.02,,0,,,,,,,,,,,,,,,,,,,,,
1985-07-20 02:00:00,1985-07-21 02:00:00,,,0.01,,0,,,,,,,,,,,,,,,,,,,,,
1986-01-16 18:49:00,1986-01-17 18:49:00,86,-10,0.0006,,0,,,,,,,1986-01-16 18:49:00,1.30E-05,M1.3,1986-01-16 18:49:00,,,M1.8,1.86E-05,,,,,,,
1986-02-03 20:40:00,1986-02-04 08:00:00,-27,-9,0.004,,0,,,,,,,1986-02-03 20:40:00,2.30E-05,M2.3,1986-02-03 20:40:00,,,M3.2,3.29E-05,,,,,,,
1986-02-04 08:00:00,1986-02-05 08:00:00,-21,-3,0.1,,0,,,,,,,1986-02-04 08:00:00,0.0003,X3.0,1986-02-04 08:00:00,,,X4.2,0.00042857,,,,,,,
1986-02-06 06:22:00,1986-02-07 06:22:00,2,-7,0.6,,130,,,,,,,1986-02-06 06:22:00,0.00017,X1.7,1986-02-06 06:22:00,,,X2.4,0.00024286,,,,,,,
1986-02-07 10:24:00,1986-02-08 10:24:00,21,-11,2,,0,,,,,,,1986-02-07 10:24:00,5.20E-05,M5.2,1986-02-07 10:24:00,,,M7.4,7.43E-05,,,,,,,
1986-02-10 20:55:00,1986-02-11 20:55:00,32,-1,0.04,,0,,,,,,,1986-02-10 20:55:00,9.50E-06,C9.5,1986-02-10 20:55:00,,,M1.3,1.36E-05,,,,,,,
1986-02-14 09:22:00,1986-02-15 09:22:00,78,0,1.5,,130,,,,,,,1986-02-14 09:22:00,6.40E-05,M6.4,1986-02-14 09:22:00,,,M9.1,9.14E-05,,,,,,,
1986-02-16 22:46:00,1986-02-17 22:46:00,,,0.1,,0,,,,,,,1986-02-16 22:46:00,7.00E-06,C7.0,1986-02-16 22:46:00,,,M1.0,1.00E-05,,,,,,,
1986-03-06 17:02:00,1986-03-07 17:02:00,-1,2,0.3,,21,,,,,,,1986-03-06 17:02:00,4.60E-06,C4.6,1986-03-06 17:02:00,,,C6.5,6.57E-06,,,,,,,
1986-05-04 09:30:00,1986-05-05 09:30:00,90,6,0.04,,16,,,,,,,1986-05-04 09:30:00,1.20E-05,M1.2,1986-05-04 09:30:00,,,M1.7,1.71E-05,,,,,,,
1987-05-29 20:00:00,1987-05-30 20:00:00,97,30,0.02,,0,,,,,,,1987-05-29 20:00:00,1.00E-06,C1.0,1987-05-29 20:00:00,,,C1.4,1.43E-06,,,,,,,
1987-07-24 10:52:00,1987-07-25 10:52:00,36,-28,0.0005,,0,,,,,,,1987-07-24 10:52:00,3.00E-05,M3.0,1987-07-24 10:52:00,,,M4.2,4.29E-05,,,,,,,
1987-08-01 18:19:00,1987-08-02 18:19:00,72,-22,0.0005,,0,,,,,,,1987-08-01 18:19:00,8.60E-06,C8.6,1987-08-01 18:19:00,,,M1.2,1.23E-05,,,,,,,
1987-08-29 02:19:00,1987-08-30 02:19:00,,,0.0006,,0,,,,,,,1987-08-29 02:19:00,3.60E-06,C3.6,1987-08-29 02:19:00,,,C5.1,5.14E-06,,,,,,,
1987-08-31 12:00:00,1987-09-01 12:00:00,,,0.0006,,0,,,,,,,,,,,,,,,,,,,,,
1987-10-16 09:59:00,1987-10-17 09:59:00,11,21,0.0006,,0,,,,,,,1987-10-16 09:59:00,1.70E-05,M1.7,1987-10-16 09:59:00,,,M2.4,2.43E-05,,,,,,,
1987-11-05 09:42:00,1987-11-05 23:39:00,-35,-21,0.0004,,0,,,,,,,1987-11-05 09:42:00,6.50E-06,C6.5,1987-11-05 09:42:00,,,C9.2,9.29E-06,,,,,,,
1987-11-05 23:39:00,1987-11-06 23:39:00,77,30,0.002,,0,,,,,,,1987-11-05 23:39:00,2.10E-05,M2.1,1987-11-05 23:39:00,,,M3.0,3.00E-05,,,,,,,
1987-12-29 18:00:00,1987-12-30 18:00:00,,,0.03,,0,,,,,,,,,,,,,,,,,,,,,
1988-02-20 04:14:00,1988-02-21 04:14:00,71,-8,0.001,,0,,,,,,,1988-02-20 04:14:00,1.10E-05,M1.1,1988-02-20 04:14:00,,,M1.5,1.57E-05,,,,,,,
1988-04-27 15:00:00,1988-04-28 15:00:00,,,0.001,,0,,,,,,,,,,,,,,,,,,,,,
1988-05-17 20:30:00,1988-05-18 20:30:00,,,0.001,,0,,,,,,,1988-05-17 20:30:00,6.00E-05,M6.0,1988-05-17 20:30:00,,,M8.5,8.57E-05,,,,,,,
1988-06-15 04:39:00,1988-06-16 04:39:00,54,-24,0.01,,0,,,,,,,1988-06-15 04:39:00,3.30E-06,C3.3,1988-06-15 04:39:00,,,C4.7,4.71E-06,,,,,,,
1988-06-29 07:37:00,1988-06-30 07:37:00,-24,-19,0.003,,0,,,,,,,1988-06-29 07:37:00,6.50E-05,M6.5,1988-06-29 07:37:00,,,M9.2,9.29E-05,,,,,,,
1988-07-07 06:00:00,1988-07-08 06:00:00,73,13,0.001,,0,,,,,,,1988-07-07 06:00:00,3.30E-05,M3.3,1988-07-07 06:00:00,,,M4.7,4.71E-05,,,,,,,
1988-07-21 01:31:00,1988-07-22 01:31:00,51,-13,0.002,,0,,,,,,,1988-07-21 01:31:00,6.20E-06,C6.2,1988-07-21 01:31:00,,,C8.8,8.86E-06,,,,,,,
1988-07-23 12:00:00,1988-07-24 12:00:00,,,0.002,,0,,,,,,,,,,,,,,,,,,,,,
1988-08-23 18:31:00,1988-08-24 18:31:00,-88,24,,,42,,,,,,,1988-08-23 18:31:00,2.40E-05,M2.4,1988-08-23 18:31:00,,,M3.4,3.43E-05,,,,,,,
1988-08-29 09:00:00,1988-08-30 09:00:00,,,0.008,,0,,,,,,,,,,,,,,,,,,,,,
1988-09-26 02:53:00,1988-09-27 02:53:00,35,-37,0.002,,0,,,,,,,1988-09-26 02:53:00,6.30E-06,C6.3,1988-09-26 02:53:00,,,C9.0,9.00E-06,,,,,,,
1988-09-27 16:16:00,1988-09-28 16:16:00,-65,-27,0.01,,0,,,,,,,1988-09-27 16:16:00,7.90E-05,M7.9,1988-09-27 16:16:00,,,X1.1,0.00011286,,,,,,,
1988-10-03 15:10:00,1988-10-04 15:10:00,17,-27,0.004,,0,,,,,,,1988-10-03 15:10:00,0.00032,X3.2,1988-10-03 15:10:00,,,X4.5,0.00045714,,,,,,,
1988-10-05 06:20:00,1988-10-06 06:20:00,32,-30,,,0,,,,,,,1988-10-05 06:20:00,3.30E-05,M3.3,1988-10-05 06:20:00,,,M4.7,4.71E-05,,,,,,,
1988-10-10 18:23:00,1988-10-11 18:23:00,47,-19,0.001,,0,,,,,,,1988-10-10 18:23:00,2.70E-05,M2.7,1988-10-10 18:23:00,,,M3.8,3.86E-05,,,,,,,
1988-10-12 05:02:00,1988-10-13 05:02:00,68,-21,0.08,,12,,,,,,,1988-10-12 05:02:00,0.00025,X2.5,1988-10-12 05:02:00,,,X3.5,0.00035714,,,,,,,
1988-10-13 20:34:00,1988-10-14 20:34:00,88,-20,0.02,,0,,,,,,,1988-10-13 20:34:00,6.40E-05,M6.4,1988-10-13 20:34:00,,,M9.1,9.14E-05,,,,,,,
1988-11-08 12:32:00,1988-11-09 12:32:00,7,17,0.1,,13,,,,,,,1988-11-08 12:32:00,3.00E-06,C3.0,1988-11-08 12:32:00,,,C4.2,4.29E-06,,,,,,,
1988-11-13 22:52:00,1988-11-14 22:52:00,27,-23,0.01,,13,,,,,,,1988-11-13 22:52:00,3.20E-05,M3.2,1988-11-13 22:52:00,,,M4.5,4.57E-05,,,,,,,
1988-11-24 06:00:00,1988-11-25 06:00:00,,,0.01,,0,,,,,,,,,,,,,,,,,,,,,
1988-12-09 15:00:00,1988-12-10 15:00:00,,,0.001,,0,,,,,,,,,,,,,,,,,,,,,
1988-12-14 13:37:00,1988-12-15 13:37:00,-59,30,0.04,,0,,,,,,,1988-12-14 13:37:00,2.10E-05,M2.1,1988-12-14 13:37:00,,,M3.0,3.00E-05,,,,,,,
1988-12-27 07:12:00,1988-12-28 07:12:00,,,0.006,,0,,,,,,,1988-12-27 07:12:00,1.90E-05,M1.9,1988-12-27 07:12:00,,,M2.7,2.71E-05,,,,,,,
1988-12-28 23:41:00,1988-12-29 23:41:00,54,20,0.01,,0,,,,,,,1988-12-28 23:41:00,3.60E-05,M3.6,1988-12-28 23:41:00,,,M5.1,5.14E-05,,,,,,,
1989-01-13 09:56:00,1989-01-14 09:56:00,2,-31,0.003,,0,,,,,,,1989-01-13 09:56:00,0.00023,X2.3,1989-01-13 09:56:00,,,X3.2,0.00032857,,,,,,,
1989-01-18 06:37:00,1989-01-19 06:37:00,67,-31,0.0006,,0,,,,,,,1989-01-18 06:37:00,0.00014,X1.4,1989-01-18 06:37:00,,,X2.0,0.0002,,,,,,,
1989-01-30 09:00:00,1989-01-31 09:00:00,,,0.0005,,0,,,,,,,,,,,,,,,,,,,,,
1989-02-03 16:26:00,1989-02-04 16:26:00,,,0.001,,0,,,,,,,1989-02-03 16:26:00,1.10E-05,M1.1,1989-02-03 16:26:00,,,M1.5,1.57E-05,,,,,,,
1989-02-07 16:40:00,1989-02-08 16:40:00,-45,31,0.0006,,0,,,,,,,1989-02-07 16:40:00,2.10E-05,M2.1,1989-02-07 16:40:00,,,M3.0,3.00E-05,,,,,,,
1989-03-17 17:37:00,1989-03-18 17:37:00,61,33,10,,2000,,,,,,,1989-03-17 17:37:00,0.00068,X6.8,1989-03-17 17:37:00,,,X9.7,0.00097143,,,,,,,
1989-03-26 13:10:00,1989-03-27 13:10:00,69,15,0.01,,0,,,,,,,1989-03-26 13:10:00,6.60E-05,M6.6,1989-03-26 13:10:00,,,M9.4,9.43E-05,,,,,,,
1989-04-09 00:54:00,1989-04-10 00:54:00,-28,35,0.01,,450,,,,,,,1989-04-09 00:54:00,0.00035,X3.5,1989-04-09 00:54:00,,,X5.0,0.0005,,,,,,,
1989-04-11 16:00:00,1989-04-12 16:00:00,,,1,,0,,,,,,,,,,,,,,,,,,,,,
1989-04-22 03:32:00,1989-04-23 03:32:00,37,13,0.01,,0,,,,,,,1989-04-22 03:32:00,1.20E-05,M1.2,1989-04-22 03:32:00,,,M1.7,1.71E-05,,,,,,,
1989-04-30 00:00:00,1989-05-01 00:00:00,,,0.02,,0,,,,,,,,,,,,,,,,,,,,,
1989-05-16 00:00:00,1989-05-17 00:00:00,,,0.0006,,0,,,,,,,,,,,,,,,,,,,,,
1989-05-20 09:29:00,1989-05-21 09:29:00,,,0.004,,0,,,,,,,1989-05-20 09:29:00,5.20E-06,C5.2,1989-05-20 09:29:00,,,C7.4,7.43E-06,,,,,,,
1989-06-14 13:55:00,1989-06-15 13:55:00,78,-14,0.001,,0,,,,,,,1989-06-14 13:55:00,2.70E-05,M2.7,1989-06-14 13:55:00,,,M3.8,3.86E-05,,,,,,,
1989-06-15 18:55:00,1989-06-16 18:55:00,78,-20,0.008,,0,,,,,,,1989-06-15 18:55:00,0.00041,X4.1,1989-06-15 18:55:00,,,X5.8,0.00058571,,,,,,,
1989-06-20 22:12:00,1989-06-21 22:12:00,82,17,0.02,,0,,,,,,,1989-06-20 22:12:00,9.30E-05,M9.3,1989-06-20 22:12:00,,,X1.3,0.00013286,,,,,,,
1989-06-29 03:09:00,1989-06-29 21:14:00,26,30,0.02,,17,,,,,,,1989-06-29 03:09:00,7.30E-06,C7.3,1989-06-29 03:09:00,,,M1.0,1.04E-05,,,,,,,
1989-06-29 21:14:00,1989-06-30 19:00:00,41,30,0.02,,0,,,,,,,1989-06-29 21:14:00,3.70E-05,M3.7,1989-06-29 21:14:00,,,M5.2,5.29E-05,,,,,,,
1989-06-30 19:05:00,1989-07-02 00:00:00,,,,,,,,,,,,,,,,,,,,,,,,,ESP,Peak is ESP associated with two 6/29 flares (two modest SCs on 7/1 at 0717 UT and 1546 UT)
1989-07-20 20:27:00,1989-07-21 20:27:00,-9,-16,0.0004,,0,,,,,,,1989-07-20 20:27:00,3.30E-05,M3.3,1989-07-20 20:27:00,,,M4.7,4.71E-05,,,,,,,
1989-08-07 20:31:00,1989-08-08 20:31:00,38,-26,0.004,,0,,,,,,,1989-08-07 20:31:00,7.60E-05,M7.6,1989-08-07 20:31:00,,,X1.0,0.00010857,,,,,,,
1989-08-22 12:00:00,1989-08-23 12:00:00,,,0.3,,0,,,,,,,,,,,,,,,,,,,,,
1989-09-09 09:11:00,1989-09-10 09:11:00,-30,17,0.003,,0,,,,,,,1989-09-09 09:11:00,0.00014,X1.4,1989-09-09 09:11:00,,,X2.0,0.0002,,,,,,,
1989-09-15 06:27:00,1989-09-15 22:53:00,,,0.01,,0,,,,,,,1989-09-15 06:27:00,6.40E-05,M6.4,1989-09-15 06:27:00,,,M9.1,9.14E-05,,,,,,,
1989-09-15 22:53:00,1989-09-16 22:53:00,24,23,0.03,,0,,,,,,,1989-09-15 22:53:00,2.30E-05,M2.3,1989-09-15 22:53:00,,,M3.2,3.29E-05,,,,,,,
1989-09-17 23:00:00,1989-09-18 23:00:00,,,,,,,,,,,,,,,,,,,,,,,,,ESP,ESP associated with 9/15 solar event; strong SC at 9/18 1927 UT (no SW  data).
1989-09-25 13:17:00,1989-09-26 13:17:00,47,-27,0.01,,0,,,,,,,1989-09-25 13:17:00,1.20E-05,M1.2,1989-09-25 13:17:00,,,M1.7,1.71E-05,,,,,,,
1989-11-08 19:02:00,1989-11-09 19:02:00,57,20,0.03,,43,,,,,,,1989-11-08 19:02:00,9.80E-05,M9.8,1989-11-08 19:02:00,,,X1.4,0.00014,,,,,,,
1989-11-18 16:22:00,1989-11-19 16:22:00,14,-30,0.04,,0,,,,,,,1989-11-18 16:22:00,0.00073,X7.3,1989-11-18 16:22:00,,,X10.4,0.0010429,,,,,,,
1989-11-20 04:13:00,1989-11-21 04:13:00,38,-25,0.02,,0,,,,,,,1989-11-20 04:13:00,1.30E-05,M1.3,1989-11-20 04:13:00,,,M1.8,1.86E-05,,,,,,,
1989-11-21 13:32:00,1989-11-22 13:32:00,53,-26,0.005,,0,,,,,,,1989-11-21 13:32:00,0.0004,X4.0,1989-11-21 13:32:00,,,X5.7,0.00057143,,,,,,,
1989-11-25 23:32:00,1989-11-26 23:32:00,-7,29,0.01,,380,,,,,,,1989-11-25 23:32:00,0.0001,X1.0,1989-11-25 23:32:00,,,X1.4,0.00014286,,,,,,,
1990-01-29 23:00:00,1990-01-30 23:00:00,76,-23,0.001,,0,,,,,,,1990-01-29 23:00:00,1.50E-05,M1.5,1990-01-29 23:00:00,,,M2.1,2.14E-05,,,,,,,
1990-02-03 01:08:00,1990-02-04 01:08:00,79,12,0.01,,0,,,,,,,1990-02-03 01:08:00,6.90E-05,M6.9,1990-02-03 01:08:00,,,M9.8,9.86E-05,,,,,,,
1990-02-13 10:00:00,1990-02-14 10:00:00,,,,,,,,,,,,,,,,,,,,,,,,,ESP,Peak is ESP associated with unidentified solar event ~2/11. SCs 2/13 1715 UT; 2/14  0321 UT
1990-03-03 22:00:00,1990-03-04 22:00:00,76,12,0.0004,,0,,,,,,,1990-03-03 22:00:00,1.10E-05,M1.1,1990-03-03 22:00:00,,,M1.5,1.57E-05,,,,,,,
1990-04-04 13:18:00,1990-04-05 13:18:00,-72,22,0.0006,,18,,,,,,,1990-04-04 13:18:00,7.10E-05,M7.1,1990-04-04 13:18:00,,,X1.0,0.00010143,,,,,,,
1990-04-20 03:00:00,1990-04-21 03:00:00,,,0.04,,0,,,,,,,,,,,,,,,,,,,,,
1990-05-02 22:00:00,1990-05-03 22:00:00,,,0.002,,0,,,,,,,,,,,,,,,,,,,,,
1990-05-07 00:55:00,1990-05-08 00:55:00,83,-6,0.08,,0,,,,,,,1990-05-07 00:55:00,4.60E-06,C4.6,1990-05-07 00:55:00,,,C6.5,6.57E-06,,,,,,,
1990-05-10 18:00:00,1990-05-11 18:00:00,,,,,,,,,,,,,,,,,,,,,,,,,ESP,ESP associated with shock 5/11 ~00 UT; origin unclear
1990-05-15 13:10:00,1990-05-16 13:10:00,-38,42,0.04,,0,,,,,,,1990-05-15 13:10:00,0.00017,X1.7,1990-05-15 13:10:00,,,X2.4,0.00024286,,,,,,,
1990-05-26 23:00:00,1990-05-27 23:00:00,104,,1,49,0,,,,,,,1990-05-26 23:00:00,0.00014,X1.4,1990-05-26 23:00:00,,,X2.0,0.0002,,,,,,,
1990-06-06 16:42:00,1990-06-07 16:42:00,72,-18,0.01,,0,,,,,,,1990-06-06 16:42:00,1.00E-05,M1.0,1990-06-06 16:42:00,,,M1.4,1.43E-05,,,,,,,
1990-07-07 10:21:00,1990-07-08 10:21:00,8,21,0.001,,0,,,,,,,1990-07-07 10:21:00,4.60E-06,C4.6,1990-07-07 10:21:00,,,C6.5,6.57E-06,,,,,,,
1990-07-10 20:00:00,1990-07-11 20:00:00,,,0.0006,,0,,,,,,,,,,,,,,,,,,,,,
1990-07-13 11:30:00,1990-07-14 11:30:00,,,0.0006,,0,,,,,,,1990-07-13 11:30:00,3.10E-05,M3.1,1990-07-13 11:30:00,,,M4.4,4.43E-05,,,,,,,M3.1 Start: 1990-07-13T09:59:00 End: 1990-07-13T12:42:00; no location
1990-07-23 08:38:00,1990-07-24 08:38:00,,,0.001,,0,,,,,,,1990-07-23 08:38:00,1.40E-06,C1.4,1990-07-23 08:38:00,,,C2.0,2.00E-06,,,,,,,
1990-08-01 12:00:00,1990-08-02 12:00:00,,,1,,0,,,,,,,,,,,,,,,,,,,,,
1990-08-10 18:09:00,1990-08-11 18:09:00,-72,20,0.01,,0,,,,,,,1990-08-10 18:09:00,7.90E-05,M7.9,1990-08-10 18:09:00,,,X1.1,0.00011286,,,,,,,
1990-08-24 08:30:00,1990-08-25 08:30:00,-3,-11,0.001,,0,,,,,,,1990-08-24 08:30:00,1.60E-05,M1.6,1990-08-24 08:30:00,,,M2.2,2.29E-05,,,,,,,
1990-09-23 13:13:00,1990-09-24 13:13:00,,,0.001,,0,,,,,,,1990-09-23 13:13:00,2.70E-05,M2.7,1990-09-23 13:13:00,,,M3.8,3.86E-05,,,,,,,
1990-10-11 07:39:00,1990-10-12 07:39:00,-44,9,0.0004,,0,,,,,,,1990-10-11 07:39:00,1.00E-05,M1.0,1990-10-11 07:39:00,,,M1.4,1.43E-05,,,,,,,
1990-10-23 12:00:00,1990-10-24 12:00:00,,,0.01,,0,,,,,,,,,,,,,,,,,,,,,
1990-11-11 04:49:00,1990-11-12 04:49:00,-18,10,0.01,,0,,,,,,,1990-11-11 04:49:00,2.10E-05,M2.1,1990-11-11 04:49:00,,,M3.0,3.00E-05,,,,,,,
1990-11-29 00:00:00,1990-11-30 00:00:00,,,0.0004,,0,,,,,,,,,,,,,,,,,,,,,
1990-12-10 07:55:00,1990-12-11 07:55:00,47,15,0.005,,0,,,,,,,1990-12-10 07:55:00,5.80E-05,M5.8,1990-12-10 07:55:00,,,M8.2,8.29E-05,,,,,,,
1990-12-23 09:43:00,1990-12-24 09:43:00,70,12,0.04,,0,,,,,,,1990-12-23 09:43:00,0.0001,X1.0,1990-12-23 09:43:00,,,X1.4,0.00014286,,,,,,,
1990-12-24 15:33:00,1990-12-25 15:33:00,80,10,0.04,,0,,,,,,,1990-12-24 15:33:00,0.00018,X1.8,1990-12-24 15:33:00,,,X2.5,0.00025714,,,,,,,
1991-01-25 06:30:00,1991-01-26 06:30:00,-78,-16,0.01,,0,,,,,,,1991-01-25 06:30:00,0.001,X10.0,1991-01-25 06:30:00,,,X14.2,0.0014286,,,,,,,
1991-02-08 06:29:00,1991-02-09 06:29:00,,,0.08,,0,,,,,,,1991-02-08 06:29:00,4.70E-05,M4.7,1991-02-08 06:29:00,,,M6.7,6.71E-05,,,,,,,
1991-02-24 11:00:00,1991-02-25 08:09:00,,,0.003,,0,,,,,,,,,,,,,,,,,,,,,
1991-03-02 14:57:00,1991-03-03 14:57:00,,,0.002,,0,,,,,,,1991-03-02 14:57:00,1.80E-05,M1.8,1991-03-02 14:57:00,,,M2.5,2.57E-05,,,,,,,
1991-03-07 15:00:00,1991-03-08 15:00:00,,,0.001,,0,,,,,,,,,,,,,,,,,,,,,
1991-03-12 12:28:00,1991-03-13 12:28:00,-58,-8,,,0,,,,,,,1991-03-12 12:28:00,0.00017,X1.7,1991-03-12 12:28:00,,,X2.4,0.00024286,,,,,,,
1991-03-31 19:27:00,1991-04-01 19:27:00,,,0.05,,0,,,,,,,,,,,,,,,,,,,,,
1991-04-22 07:07:00,1991-04-23 07:07:00,90,-28,0.01,,0,,,,,,,1991-04-22 07:07:00,5.90E-06,C5.9,1991-04-22 07:07:00,,,C8.4,8.43E-06,,,,,,,
1991-05-01 00:00:00,1991-05-02 00:00:00,,,0.001,,0,,,,,,,,,,,,,,,,,,,,,
1991-05-10 02:54:00,1991-05-11 02:54:00,-10,39,0.01,,0,,,,,,,1991-05-10 02:54:00,7.00E-06,C7.0,1991-05-10 02:54:00,,,M1.0,1.00E-05,,,,,,,
1991-05-18 05:06:00,1991-05-19 05:06:00,85,32,0.05,,0,,,,,,,1991-05-18 05:06:00,0.00028,X2.8,1991-05-18 05:06:00,,,X4.0,0.0004,,,,,,,
1991-06-01 15:29:00,1991-06-02 14:14:00,-90,25,,,0,,,,,,,1991-06-01 15:29:00,0.0012,X12.0,1991-06-01 15:29:00,,,X17.1,0.0017143,,,,,,,
1991-06-28 06:26:00,1991-06-29 06:26:00,-85,30,,,110,,,,,,,1991-06-28 06:26:00,6.00E-05,M6.0,1991-06-28 06:26:00,,,M8.5,8.57E-05,,,,,,,
1991-07-17 06:32:00,1991-07-18 06:32:00,-46,-25,0.001,,0,,,,,,,1991-07-17 06:32:00,0.00011,X1.1,1991-07-17 06:32:00,,,X1.5,0.00015714,,,,,,,
1991-08-03 01:23:00,1991-08-04 01:23:00,2,23,0.0006,,0,,,,,,,1991-08-03 01:23:00,2.90E-05,M2.9,1991-08-03 01:23:00,,,M4.1,4.14E-05,,,,,,,
1991-08-19 05:36:00,1991-08-19 22:00:00,58,4,0.001,,0,,,,,,,1991-08-19 05:36:00,8.40E-06,C8.4,1991-08-19 05:36:00,,,M1.2,1.20E-05,,,,,,,
1991-08-19 22:00:00,1991-08-20 22:00:00,,,0.0006,,0,,,,,,,,,,,,,,,,,,,,,
1991-08-27 14:18:00,1991-08-28 14:18:00,77,9,1,,0,,,,,,,1991-08-27 14:18:00,4.20E-06,C4.2,1991-08-27 14:18:00,,,C6.0,6.00E-06,,,,,,,
1991-09-06 12:00:00,1991-09-07 12:00:00,,,0.01,,0,,,,,,,,,,,,,,,,,,,,,
1991-10-27 05:49:00,1991-10-28 05:49:00,-17,-13,,,40,,,,,,,1991-10-27 05:49:00,0.00061,X6.1,1991-10-27 05:49:00,,,X8.7,0.00087143,,,,,,,
1991-11-10 00:00:00,1991-11-11 00:00:00,,,0.0006,,0,,,,,,,,,,,,,,,,,,,,,
1991-11-15 22:38:00,1991-11-16 22:38:00,19,-14,0.008,,0,,,,,,,1991-11-15 22:38:00,0.00015,X1.5,1991-11-15 22:38:00,,,X2.1,0.00021429,,,,,,,
1991-11-17 03:46:00,1991-11-18 03:46:00,33,-13,0.01,,0,,,,,,,1991-11-17 03:46:00,1.50E-05,M1.5,1991-11-17 03:46:00,,,M2.1,2.14E-05,,,,,,,
1991-12-11 21:04:00,1991-12-12 10:26:00,26,-16,0.0004,,0,,,,,,,1991-12-11 21:04:00,2.10E-05,M2.1,1991-12-11 21:04:00,,,M3.0,3.00E-05,,,,,,,
1991-12-12 10:26:00,1991-12-13 10:26:00,22,-18,0.01,,0,,,,,,,1991-12-12 10:26:00,6.70E-06,C6.7,1991-12-12 10:26:00,,,C9.5,9.57E-06,,,,,,,
1991-12-20 13:55:00,1991-12-21 13:55:00,-64,-15,0.0005,,0,,,,,,,1991-12-20 13:55:00,3.50E-05,M3.5,1991-12-20 13:55:00,,,M5.0,5.00E-05,,,,,,,
1991-12-28 21:12:00,1991-12-29 06:10:00,47,-16,0.01,,0,,,,,,,1991-12-28 21:12:00,7.80E-05,M7.8,1991-12-28 21:12:00,,,X1.1,0.00011143,,,,,,,
1991-12-29 06:10:00,1991-12-30 06:10:00,,,0.01,,0,,,,,,,1991-12-29 06:10:00,3.80E-06,C3.8,1991-12-29 06:10:00,,,C5.4,5.43E-06,,,,,,,
1991-12-30 10:21:00,1991-12-31 10:21:00,23,-17,0.002,,0,,,,,,,1991-12-30 10:21:00,4.60E-05,M4.6,1991-12-30 10:21:00,,,M6.5,6.57E-05,,,,,,,
1992-01-04 14:00:00,1992-01-05 14:00:00,,,0.01,,0,,,,,,,,,,,,,,,,,,,,,
1992-01-09 19:57:00,1992-01-10 19:57:00,,,0.0005,,0,,,,,,,1992-01-09 19:57:00,4.00E-06,C4.0,1992-01-09 19:57:00,,,C5.7,5.71E-06,,,,,,,
1992-02-05 20:16:00,1992-02-06 10:28:00,31,-15,0.01,,0,,,,,,,1992-02-05 20:16:00,3.10E-05,M3.1,1992-02-05 20:16:00,,,M4.4,4.43E-05,,,,,,,
1992-02-17 10:00:00,1992-02-18 10:00:00,,,0.01,,0,,,,,,,,,,,,,,,,,,,,,
1992-02-22 00:00:00,1992-02-23 00:00:00,,,0.0005,,0,,,,,,,,,,,,,,,,,,,,,
1992-02-24 23:16:00,1992-02-26 20:00:00,-29,7,0.0005,,0,,,,,,,1992-02-24 23:16:00,4.90E-05,M4.9,1992-02-24 23:16:00,,,M7.0,7.00E-05,,,,,,,M4.9 E29N07 Start: 1992-02-24T23:16:00 End: 1992-02-25T02:03:00; Peak at ESP in SW data gap; strong SC  2/26 1657 UT
1992-02-27 12:56:00,1992-02-28 12:56:00,2,6,0.04,,0,,,,,,,1992-02-27 12:56:00,0.00033,X3.3,1992-02-27 12:56:00,,,X4.7,0.00047143,,,,,,,
1992-03-07 12:00:00,1992-03-08 12:00:00,,,0.04,,0,,,,,,,,,,,,,,,,,,,,,
1992-03-16 00:00:00,1992-03-17 00:00:00,,,0.1,,0,,,,,,,,,,,,,,,,,,,,,
1992-04-01 06:00:00,1992-04-02 06:00:00,,,0.0005,,0,,,,,,,,,,,,,,,,,,,,,
1992-04-21 00:00:00,1992-04-22 00:00:00,,,0.001,,0,,,,,,,,,,,,,,,,,,,,,
1992-05-19 18:00:00,1992-05-20 18:00:00,,,0.0006,,0,,,,,,,,,,,,,,,,,,,,,
1992-05-24 05:33:00,1992-05-25 05:33:00,,,0.001,,0,,,,,,,1992-05-24 05:33:00,1.10E-06,C1.1,1992-05-24 05:33:00,,,C1.5,1.57E-06,,,,,,,
1992-07-17 21:12:00,1992-07-18 21:12:00,72,-12,0.002,,0,,,,,,,1992-07-17 21:12:00,7.10E-06,C7.1,1992-07-17 21:12:00,,,M1.0,1.01E-05,,,,,,,
1992-08-03 06:29:00,1992-08-04 06:29:00,-68,-9,0.002,,14,,,,,,,1992-08-03 06:29:00,4.80E-05,M4.8,1992-08-03 06:29:00,,,M6.8,6.86E-05,,,,,,,
1992-10-04 22:36:00,1992-10-05 22:36:00,90,-5,0.0005,,0,,,,,,,1992-10-04 22:36:00,2.40E-05,M2.4,1992-10-04 22:36:00,,,M3.4,3.43E-05,,,,,,,
1992-10-06 20:00:00,1992-10-07 20:00:00,,,0.0005,,0,,,,,,,,,,,,,,,,,,,,,
1992-11-23 20:23:00,1992-11-24 20:23:00,89,-8,0.05,,0,,,,,,,1992-11-23 20:23:00,4.40E-05,M4.4,1992-11-23 20:23:00,,,M6.2,6.29E-05,,,,,,,
1992-11-29 12:33:00,1992-11-30 12:33:00,1,-16,0.05,,0,,,,,,,1992-11-29 12:33:00,1.40E-05,M1.4,1992-11-29 12:33:00,,,M2.0,2.00E-05,,,,,,,
1993-03-03 12:00:00,1993-03-04 12:00:00,,,0.001,,0,,,,,,,,,,,,,,,,,,,,,
1993-04-08 01:51:00,1993-04-09 01:51:00,41,-6,,,0,,,,,,,1993-04-08 01:51:00,5.90E-06,C5.9,1993-04-08 01:51:00,,,C8.4,8.43E-06,,,,,,,
1993-05-08 12:00:00,1993-05-09 12:00:00,,,0.0005,,0,,,,,,,,,,,,,,,,,,,,,
1993-05-14 22:53:00,1993-05-15 22:53:00,48,19,0.005,,0,,,,,,,1993-05-14 22:53:00,4.40E-05,M4.4,1993-05-14 22:53:00,,,M6.2,6.29E-05,,,,,,,
1993-06-07 13:51:00,1993-06-08 13:51:00,30,-10,,,0,,,,,,,1993-06-07 13:51:00,5.40E-05,M5.4,1993-06-07 13:51:00,,,M7.7,7.71E-05,,,,,,,
1993-06-24 07:16:00,1993-06-25 07:16:00,-64,-11,0.002,,0,,,,,,,1993-06-24 07:16:00,9.70E-05,M9.7,1993-06-24 07:16:00,,,X1.3,0.00013857,,,,,,,
1993-08-11 10:29:00,1993-08-12 10:29:00,48,7,0.01,,0,,,,,,,1993-08-11 10:29:00,1.50E-05,M1.5,1993-08-11 10:29:00,,,M2.1,2.14E-05,,,,,,,
1993-09-25 18:00:00,1993-09-26 18:00:00,,,0.005,,0,,,,,,,,,,,,,,,,,,,,,
1994-02-20 03:08:00,1994-02-21 03:08:00,2,9,0.5,,10000,,,,,,,1994-02-20 03:08:00,4.00E-05,M4.0,1994-02-20 03:08:00,,,M5.7,5.71E-05,,,,,,,
1994-04-14 12:00:00,1994-04-15 12:00:00,,,0.002,,0,,,,,,,,,,,,,,,,,,,,,
1994-06-30 21:22:00,1994-07-01 21:22:00,-27,-12,0.001,,0,,,,,,,1994-06-30 21:22:00,2.50E-05,M2.5,1994-06-30 21:22:00,,,M3.5,3.57E-05,,,,,,,
1994-07-12 09:33:00,1994-07-13 09:33:00,52,12,0.01,,0,,,,,,,1994-07-12 09:33:00,6.00E-06,C6.0,1994-07-12 09:33:00,,,C8.5,8.57E-06,,,,,,,
1994-07-31 12:22:00,1994-08-01 12:22:00,,,0.0005,,0,,,,,,,1994-07-31 12:22:00,1.20E-07,B1.2,1994-07-31 12:22:00,,,B1.7,1.71E-07,,,,,,,
1994-09-11 05:54:00,1994-09-12 05:54:00,73,-13,0.001,,0,,,,,,,1994-09-11 05:54:00,8.70E-06,C8.7,1994-09-11 05:54:00,,,M1.2,1.24E-05,,,,,,,
1994-09-16 04:00:00,1994-09-17 04:00:00,,,0.01,,0,,,,,,,,,,,,,,,,,,,,,
1994-10-19 23:13:00,1994-10-20 23:13:00,24,12,0.3,,35,,,,,,,1994-10-19 23:13:00,3.20E-05,M3.2,1994-10-19 23:13:00,,,M4.5,4.57E-05,,,,,,,
1994-10-25 10:08:00,1994-10-26 10:08:00,11,-6,0.02,,0,,,,,,,1994-10-25 10:08:00,4.70E-06,C4.7,1994-10-25 10:08:00,,,C6.7,6.71E-06,,,,,,,
1995-04-22 11:50:00,1995-04-23 11:50:00,90,0,0.01,,0,,,,,,,1995-04-22 11:50:00,7.10E-05,M7.1,1995-04-22 11:37:00,1995-04-22 11:51:00,1995-04-22 11:59:00,X1.0,0.000101571,0.064535141,22,14,2E+11,8,,
1996-07-09 09:13:00,1996-07-10 09:13:00,30,-10,0.0005,,0,452,1996-07-09 12:28:18,452,86,273,257,1996-07-09 09:13:00,0.00026,X2.6,1996-07-09 09:03:00,1996-07-09 09:11:00,1996-07-09 09:15:00,X3.6,0.000365714,0.108749144,12,8,2E+11,8,,
1996-07-12 15:39:00,1996-07-13 15:39:00,72,-11,0.0001,,0,1085,1996-07-12 15:37:40,1085,68,260,269,1996-07-12 15:39:00,4.90E-06,C4.9,1996-07-12 15:14:00,1996-07-12 15:32:00,1996-07-12 15:42:00,C6.7,6.77E-06,0.006197572,28,18,2E+11,8,,
1996-08-13 15:35:00,1996-08-14 15:35:00,,,0.001,,0,620,1996-08-13 16:09:18,620,153,258,231,,,,,,,,,,,,,,,
1996-11-27 00:32:00,1996-11-27 14:25:00,,,0.0003,,0,548,,,,,,1996-11-27 00:32:00,9.00E-07,B9.0,1996-11-27 00:32:00,,,C1.2,1.29E-06,,,,,,,
1996-11-27 14:25:00,1996-11-28 14:25:00,,,0.0003,,0,,,,,,,,,,,,,,,,,,,,,
1996-11-28 17:32:00,1996-11-29 17:32:00,,,0.0007,,0,984,1996-11-28 16:50:06,984,101,267,267,1996-11-28 17:32:00,1.10E-06,C1.1,1996-11-28 17:09:00,1996-11-28 17:16:00,,C1.7,1.80E-06,,,7,2E+11,8,,
1996-12-24 13:11:00,1996-12-25 13:11:00,,,0.001,,0,325,1996-12-24 13:28:58,325,69,265,266,1996-12-24 13:11:00,2.10E-06,C2.1,1996-12-24 13:02:00,1996-12-24 13:11:00,1996-12-24 13:23:00,C3.0,3.01E-06,0.002491843,21,9,2E+11,8,,